Date,Price,Volume,ticker
2020-06-10 03:49:12.619630,99.73031034305531,6969355,DUMMY
2020-06-11 03:49:12.619630,99.79940473700088,5491547,DUMMY
2020-06-12 03:49:12.619630,102.55972470344472,4128580,DUMMY
2020-06-15 03:49:12.619630,102.57359020031475,6372762,DUMMY
2020-06-16 03:49:12.619630,101.22513549184917,1296659,DUMMY
2020-06-17 03:49:12.619630,104.15485160672458,3829855,DUMMY
2020-06-18 03:49:12.619630,103.91321544224289,1753926,DUMMY
2020-06-19 03:49:12.619630,103.73344873240559,2503579,DUMMY
2020-06-22 03:49:12.619630,102.92326297980769,6486998,DUMMY
2020-06-23 03:49:12.619630,103.42641657317445,1345472,DUMMY
2020-06-24 03:49:12.619630,102.82549906294005,1117279,DUMMY
2020-06-25 03:49:12.619630,101.13088025922654,3717979,DUMMY
2020-06-26 03:49:12.619630,102.68163335703318,7839123,DUMMY
2020-06-29 03:49:12.619630,101.40908377445815,9344224,DUMMY
2020-06-30 03:49:12.619630,101.4419746327101,8789537,DUMMY
2020-07-01 03:49:12.619630,101.36627873537357,4376118,DUMMY
2020-07-02 03:49:12.619630,101.389159269776,2740273,DUMMY
2020-07-03 03:49:12.619630,102.25629375755967,9511299,DUMMY
2020-07-06 03:49:12.619630,102.4900093230971,9168633,DUMMY
2020-07-07 03:49:12.619630,103.1655339323865,3190771,DUMMY
2020-07-08 03:49:12.619630,103.27235562479241,7368405,DUMMY
2020-07-09 03:49:12.619630,103.24542627191315,3463797,DUMMY
2020-07-10 03:49:12.619630,102.18644135779114,1961168,DUMMY
2020-07-13 03:49:12.619630,101.93898821501975,4210383,DUMMY
2020-07-14 03:49:12.619630,101.82876240788559,2058490,DUMMY
2020-07-15 03:49:12.619630,103.21505597688395,2647428,DUMMY
2020-07-16 03:49:12.619630,105.23932900916137,2566665,DUMMY
2020-07-17 03:49:12.619630,106.6391041278574,9339491,DUMMY
2020-07-20 03:49:12.619630,107.93579773133592,7634449,DUMMY
2020-07-21 03:49:12.619630,108.57306751486304,2128559,DUMMY
2020-07-22 03:49:12.619630,109.44119867605302,5065947,DUMMY
2020-07-23 03:49:12.619630,108.30757875032957,4004890,DUMMY
2020-07-24 03:49:12.619630,106.42914497073063,2353290,DUMMY
2020-07-27 03:49:12.619630,106.30255639663622,6088746,DUMMY
2020-07-28 03:49:12.619630,107.02721160240495,2845144,DUMMY
2020-07-29 03:49:12.619630,107.80807285906896,2768326,DUMMY
2020-07-30 03:49:12.619630,106.0997020291476,6369028,DUMMY
2020-07-31 03:49:12.619630,104.25400513749136,4512903,DUMMY
2020-08-03 03:49:12.619630,104.98470600251093,1433037,DUMMY
2020-08-04 03:49:12.619630,104.10075937997499,7557542,DUMMY
2020-08-05 03:49:12.619630,102.08235985888406,6715878,DUMMY
2020-08-06 03:49:12.619630,101.98637767817155,7432642,DUMMY
2020-08-07 03:49:12.619630,100.38866276805898,6463277,DUMMY
2020-08-10 03:49:12.619630,100.30146368668417,8490616,DUMMY
2020-08-11 03:49:12.619630,101.04467039453965,3154532,DUMMY
2020-08-12 03:49:12.619630,99.97037676943907,1775045,DUMMY
2020-08-13 03:49:12.619630,100.7821976787829,9454145,DUMMY
2020-08-14 03:49:12.619630,101.72114792025627,7042686,DUMMY
2020-08-17 03:49:12.619630,102.71122241565479,6824736,DUMMY
2020-08-18 03:49:12.619630,102.8612088197317,5564257,DUMMY
2020-08-19 03:49:12.619630,102.27235367665945,4314721,DUMMY
2020-08-20 03:49:12.619630,101.90137935775142,5159064,DUMMY
2020-08-21 03:49:12.619630,101.05163557906657,2911709,DUMMY
2020-08-24 03:49:12.619630,101.2271072513703,7627559,DUMMY
2020-08-25 03:49:12.619630,100.94093323198193,9506465,DUMMY
2020-08-26 03:49:12.619630,99.588355619296,9971946,DUMMY
2020-08-27 03:49:12.619630,99.51589567495309,2579016,DUMMY
2020-08-28 03:49:12.619630,99.78012964015458,6890208,DUMMY
2020-08-31 03:49:12.619630,100.62738690787221,1578528,DUMMY
2020-09-01 03:49:12.619630,101.27986556914657,2005874,DUMMY
2020-09-02 03:49:12.619630,102.95012802890344,7153618,DUMMY
2020-09-03 03:49:12.619630,101.94929346221026,5013355,DUMMY
2020-09-04 03:49:12.619630,102.03677503396517,4043678,DUMMY
2020-09-07 03:49:12.619630,101.51010091072581,4089929,DUMMY
2020-09-08 03:49:12.619630,102.25681673700315,9442412,DUMMY
2020-09-09 03:49:12.619630,104.02852355064199,8684198,DUMMY
2020-09-10 03:49:12.619630,104.80490160927702,2352668,DUMMY
2020-09-11 03:49:12.619630,106.3354264138093,3487831,DUMMY
2020-09-14 03:49:12.619630,106.69922598855904,5872548,DUMMY
2020-09-15 03:49:12.619630,106.29954194338028,8628474,DUMMY
2020-09-16 03:49:12.619630,105.97280835496201,1875317,DUMMY
2020-09-17 03:49:12.619630,106.83418307525267,8476066,DUMMY
2020-09-18 03:49:12.619630,106.59417910180305,8157626,DUMMY
2020-09-21 03:49:12.619630,107.16174669423832,8772090,DUMMY
2020-09-22 03:49:12.619630,106.4348752144268,8771102,DUMMY
2020-09-23 03:49:12.619630,107.22843593642763,9628990,DUMMY
2020-09-24 03:49:12.619630,107.05487311026185,8265904,DUMMY
2020-09-25 03:49:12.619630,106.55586228612695,3600020,DUMMY
2020-09-28 03:49:12.619630,106.8461945282245,4616281,DUMMY
2020-09-29 03:49:12.619630,107.04282498027791,9537085,DUMMY
2020-09-30 03:49:12.619630,106.98398804141438,1922603,DUMMY
2020-10-01 03:49:12.619630,106.1714352654577,8230607,DUMMY
2020-10-02 03:49:12.619630,106.74798052811735,8409351,DUMMY
2020-10-05 03:49:12.619630,107.82616283324612,3946774,DUMMY
2020-10-06 03:49:12.619630,109.98642550086224,7018960,DUMMY
2020-10-07 03:49:12.619630,108.37912400613594,8869022,DUMMY
2020-10-08 03:49:12.619630,108.08415530981041,4937522,DUMMY
2020-10-09 03:49:12.619630,107.11456864368174,5473207,DUMMY
2020-10-12 03:49:12.619630,106.48115425123729,5125096,DUMMY
2020-10-13 03:49:12.619630,105.95358603636858,1781213,DUMMY
2020-10-14 03:49:12.619630,105.97882917665423,3974639,DUMMY
2020-10-15 03:49:12.619630,106.24200163988507,7725536,DUMMY
2020-10-16 03:49:12.619630,104.27915160533713,1404864,DUMMY
2020-10-19 03:49:12.619630,104.54607497298402,1685442,DUMMY
2020-10-20 03:49:12.619630,104.2312193143108,9012544,DUMMY
2020-10-21 03:49:12.619630,102.40480186495208,7404211,DUMMY
2020-10-22 03:49:12.619630,102.58392717959181,4621947,DUMMY
2020-10-23 03:49:12.619630,102.99673792384479,5456372,DUMMY
2020-10-26 03:49:12.619630,102.22332940453076,9159579,DUMMY
2020-10-27 03:49:12.619630,101.81743216522239,7469191,DUMMY
2020-10-28 03:49:12.619630,101.98527325712858,6259027,DUMMY
2020-10-29 03:49:12.619630,101.65853606526822,6330979,DUMMY
2020-10-30 03:49:12.619630,100.05351846512816,1503479,DUMMY
2020-11-02 03:49:12.619630,99.67965733610248,3971312,DUMMY
2020-11-03 03:49:12.619630,99.24633122869837,9634968,DUMMY
2020-11-04 03:49:12.619630,96.75523905658847,6489648,DUMMY
2020-11-05 03:49:12.619630,96.46446536272094,6753001,DUMMY
2020-11-06 03:49:12.619630,95.26605329917733,8252053,DUMMY
2020-11-09 03:49:12.619630,96.0187841983856,1869122,DUMMY
2020-11-10 03:49:12.619630,98.0494525173627,7769034,DUMMY
2020-11-11 03:49:12.619630,97.93519345134924,9562032,DUMMY
2020-11-12 03:49:12.619630,97.75413433263614,6088441,DUMMY
2020-11-13 03:49:12.619630,98.38793078224425,1536581,DUMMY
2020-11-16 03:49:12.619630,100.72552152447217,5072774,DUMMY
2020-11-17 03:49:12.619630,100.04476355241194,3993094,DUMMY
2020-11-18 03:49:12.619630,98.77862383878096,2855391,DUMMY
2020-11-19 03:49:12.619630,100.39510280334889,9234528,DUMMY
2020-11-20 03:49:12.619630,99.75558664222703,8970860,DUMMY
2020-11-23 03:49:12.619630,98.6187876927254,1875457,DUMMY
2020-11-24 03:49:12.619630,97.00719456215614,1178151,DUMMY
2020-11-25 03:49:12.619630,98.20877526690921,4647965,DUMMY
2020-11-26 03:49:12.619630,97.52659971657206,1048359,DUMMY
2020-11-27 03:49:12.619630,97.96838441525453,6479266,DUMMY
2020-11-30 03:49:12.619630,97.62236386190308,9469124,DUMMY
2020-12-01 03:49:12.619630,98.4147042404011,5123305,DUMMY
2020-12-02 03:49:12.619630,98.39501410732791,6048944,DUMMY
2020-12-03 03:49:12.619630,98.62243860663965,2083326,DUMMY
2020-12-04 03:49:12.619630,99.16748346511082,3611190,DUMMY
2020-12-07 03:49:12.619630,99.7466413131888,7546061,DUMMY
2020-12-08 03:49:12.619630,99.66999940885287,2063816,DUMMY
2020-12-09 03:49:12.619630,99.15352056974393,6965547,DUMMY
2020-12-10 03:49:12.619630,98.11645987914828,1608464,DUMMY
2020-12-11 03:49:12.619630,97.53564838810406,3196555,DUMMY
2020-12-14 03:49:12.619630,96.42459030125565,3285434,DUMMY
2020-12-15 03:49:12.619630,96.9125059381021,7935091,DUMMY
2020-12-16 03:49:12.619630,96.21552789503116,2792227,DUMMY
2020-12-17 03:49:12.619630,98.10787068726201,4001635,DUMMY
2020-12-18 03:49:12.619630,98.8371173352959,5003387,DUMMY
2020-12-21 03:49:12.619630,98.0354553235117,3353522,DUMMY
2020-12-22 03:49:12.619630,97.45171590247459,9260574,DUMMY
2020-12-23 03:49:12.619630,95.74362730604858,8635700,DUMMY
2020-12-24 03:49:12.619630,95.08621189583285,1743870,DUMMY
2020-12-25 03:49:12.619630,95.94894314754679,5355597,DUMMY
2020-12-28 03:49:12.619630,96.15441330811073,6710853,DUMMY
2020-12-29 03:49:12.619630,94.8016921493318,3539976,DUMMY
2020-12-30 03:49:12.619630,94.97129106486382,8840947,DUMMY
2020-12-31 03:49:12.619630,94.83829926708893,4628550,DUMMY
2021-01-01 03:49:12.619630,92.39219699079455,3904681,DUMMY
2021-01-04 03:49:12.619630,91.65829642409314,8126743,DUMMY
2021-01-05 03:49:12.619630,93.25013797979852,1418159,DUMMY
2021-01-06 03:49:12.619630,93.6016499582177,6984732,DUMMY
2021-01-07 03:49:12.619630,93.04894396743741,7357881,DUMMY
2021-01-08 03:49:12.619630,92.0358795144922,1615249,DUMMY
2021-01-11 03:49:12.619630,92.19598098174662,9868936,DUMMY
2021-01-12 03:49:12.619630,92.56667138744778,5985116,DUMMY
2021-01-13 03:49:12.619630,94.20845334479401,1375563,DUMMY
2021-01-14 03:49:12.619630,94.15443870727805,7103079,DUMMY
2021-01-15 03:49:12.619630,95.50440243572042,9014308,DUMMY
2021-01-18 03:49:12.619630,96.6801950329333,8121769,DUMMY
2021-01-19 03:49:12.619630,95.57000670033875,8884576,DUMMY
2021-01-20 03:49:12.619630,94.40947789171281,7156327,DUMMY
2021-01-21 03:49:12.619630,94.15496117963596,6221244,DUMMY
2021-01-22 03:49:12.619630,94.51593155340849,3724244,DUMMY
2021-01-25 03:49:12.619630,94.28087064698119,4188138,DUMMY
2021-01-26 03:49:12.619630,94.54250606737946,3355208,DUMMY
2021-01-27 03:49:12.619630,94.03070052762564,2344176,DUMMY
2021-01-28 03:49:12.619630,92.27715954481008,3239115,DUMMY
2021-01-29 03:49:12.619630,92.43403839748983,1137529,DUMMY
2021-02-01 03:49:12.619630,90.56176832188478,3714586,DUMMY
2021-02-02 03:49:12.619630,89.30073764074841,3522052,DUMMY
2021-02-03 03:49:12.619630,89.55896704186264,4473166,DUMMY
2021-02-04 03:49:12.619630,91.74508977250576,6242926,DUMMY
2021-02-05 03:49:12.619630,93.10168537071795,7526979,DUMMY
2021-02-08 03:49:12.619630,93.65771767970294,3721393,DUMMY
2021-02-09 03:49:12.619630,94.96056946495888,2526371,DUMMY
2021-02-10 03:49:12.619630,94.47522698444851,7654697,DUMMY
2021-02-11 03:49:12.619630,93.94627567420959,8615272,DUMMY
2021-02-12 03:49:12.619630,95.0225967587624,1806451,DUMMY
2021-02-15 03:49:12.619630,95.47470976431546,3288640,DUMMY
2021-02-16 03:49:12.619630,95.76436522664217,1812989,DUMMY
2021-02-17 03:49:12.619630,96.27361480836791,3167396,DUMMY
2021-02-18 03:49:12.619630,96.34966551083555,7118287,DUMMY
2021-02-19 03:49:12.619630,97.87552630814857,5476791,DUMMY
2021-02-22 03:49:12.619630,97.53581874565647,9871842,DUMMY
2021-02-23 03:49:12.619630,96.78584508672162,4572231,DUMMY
2021-02-24 03:49:12.619630,96.39728404377988,1551390,DUMMY
2021-02-25 03:49:12.619630,96.36534433828483,1732491,DUMMY
2021-02-26 03:49:12.619630,95.65897062052521,8221276,DUMMY
2021-03-01 03:49:12.619630,94.33805378462732,2810215,DUMMY
2021-03-02 03:49:12.619630,94.40086984050788,3869904,DUMMY
2021-03-03 03:49:12.619630,95.49440882668623,3424292,DUMMY
2021-03-04 03:49:12.619630,94.68826639019615,7118674,DUMMY
2021-03-05 03:49:12.619630,93.90228262248662,1641076,DUMMY
2021-03-08 03:49:12.619630,95.18875913566616,3108384,DUMMY
2021-03-09 03:49:12.619630,93.80789790312261,9497780,DUMMY
2021-03-10 03:49:12.619630,93.52255481907412,9703492,DUMMY
2021-03-11 03:49:12.619630,92.61042422297201,7320252,DUMMY
2021-03-12 03:49:12.619630,92.64170890086487,2474068,DUMMY
2021-03-15 03:49:12.619630,92.07932316547247,9713291,DUMMY
2021-03-16 03:49:12.619630,92.58520717980457,8926054,DUMMY
2021-03-17 03:49:12.619630,91.9809226940979,6677083,DUMMY
2021-03-18 03:49:12.619630,91.18260289883882,5740110,DUMMY
2021-03-19 03:49:12.619630,90.17466270991417,8253172,DUMMY
2021-03-22 03:49:12.619630,89.00490844599926,9820216,DUMMY
2021-03-23 03:49:12.619630,88.26414220047418,6415392,DUMMY
2021-03-24 03:49:12.619630,88.8766435794811,1990695,DUMMY
2021-03-25 03:49:12.619630,88.22796422722564,5441977,DUMMY
2021-03-26 03:49:12.619630,86.15152659907007,3967007,DUMMY
2021-03-29 03:49:12.619630,85.44644072144398,7924357,DUMMY
2021-03-30 03:49:12.619630,85.73862336981833,8456212,DUMMY
2021-03-31 03:49:12.619630,86.4798257737339,5441310,DUMMY
2021-04-01 03:49:12.619630,85.35864784294091,8002006,DUMMY
2021-04-02 03:49:12.619630,85.61796967718621,6385054,DUMMY
2021-04-05 03:49:12.619630,85.46606076107756,2106085,DUMMY
2021-04-06 03:49:12.619630,86.1910743626963,9515758,DUMMY
2021-04-07 03:49:12.619630,86.57291258697276,1944726,DUMMY
2021-04-08 03:49:12.619630,86.39361282584863,7062950,DUMMY
2021-04-09 03:49:12.619630,86.61811697962324,6638270,DUMMY
2021-04-12 03:49:12.619630,87.15417212738967,5280793,DUMMY
2021-04-13 03:49:12.619630,87.51246142706594,6916936,DUMMY
2021-04-14 03:49:12.619630,87.43761466221119,7832778,DUMMY
2021-04-15 03:49:12.619630,88.95202102593657,3667515,DUMMY
2021-04-16 03:49:12.619630,88.88391132457225,6470925,DUMMY
2021-04-19 03:49:12.619630,87.78943634033695,8013564,DUMMY
2021-04-20 03:49:12.619630,88.55474110561812,3925873,DUMMY
2021-04-21 03:49:12.619630,89.73754389998446,7763049,DUMMY
2021-04-22 03:49:12.619630,90.34677949416138,2059775,DUMMY
2021-04-23 03:49:12.619630,91.14925741860296,6846657,DUMMY
2021-04-26 03:49:12.619630,91.26022754924325,9252395,DUMMY
2021-04-27 03:49:12.619630,90.92580537214661,9459549,DUMMY
2021-04-28 03:49:12.619630,90.11980016770329,9115919,DUMMY
2021-04-29 03:49:12.619630,90.3669529669694,5155365,DUMMY
2021-04-30 03:49:12.619630,88.850584634114,4371287,DUMMY
2021-05-03 03:49:12.619630,89.97740155397364,5876691,DUMMY
2021-05-04 03:49:12.619630,89.04037775608415,8493602,DUMMY
2021-05-05 03:49:12.619630,88.8384614091232,1062571,DUMMY
2021-05-06 03:49:12.619630,87.81249903028927,4666563,DUMMY
2021-05-07 03:49:12.619630,86.86454629869824,5163703,DUMMY
2021-05-10 03:49:12.619630,86.95268310091244,9601106,DUMMY
2021-05-11 03:49:12.619630,85.83659728599507,6899546,DUMMY
2021-05-12 03:49:12.619630,87.56306738130424,9799155,DUMMY
2021-05-13 03:49:12.619630,88.48053610086254,7518748,DUMMY
2021-05-14 03:49:12.619630,88.22022668418983,4327453,DUMMY
2021-05-17 03:49:12.619630,89.31138607076353,4058014,DUMMY
2021-05-18 03:49:12.619630,87.72154590411999,1057467,DUMMY
2021-05-19 03:49:12.619630,87.69953810386133,6773484,DUMMY
2021-05-20 03:49:12.619630,87.85166543610015,6840710,DUMMY
2021-05-21 03:49:12.619630,88.45283935888243,2123417,DUMMY
2021-05-24 03:49:12.619630,88.77896419995055,6215983,DUMMY
2021-05-25 03:49:12.619630,88.45150732857098,7794449,DUMMY
2021-05-26 03:49:12.619630,87.98145129768514,2732333,DUMMY
2021-05-27 03:49:12.619630,87.87876533311592,2585826,DUMMY
2021-05-28 03:49:12.619630,87.93144428902761,2856744,DUMMY
2021-05-31 03:49:12.619630,86.25650512073709,6800348,DUMMY
2021-06-01 03:49:12.619630,86.69061898233207,3336175,DUMMY
2021-06-02 03:49:12.619630,87.01721449513623,5565288,DUMMY
2021-06-03 03:49:12.619630,86.16842764867758,2789375,DUMMY
2021-06-04 03:49:12.619630,86.41442237421626,2039451,DUMMY
2021-06-07 03:49:12.619630,86.41163266427112,6206528,DUMMY
2021-06-08 03:49:12.619630,84.38588713292046,5086759,DUMMY
2021-06-09 03:49:12.619630,85.0713410011373,6829425,DUMMY
2021-06-10 03:49:12.619630,82.8677991590437,6355466,DUMMY
2021-06-11 03:49:12.619630,82.01883427381543,1508688,DUMMY
2021-06-14 03:49:12.619630,80.54757560924638,8852238,DUMMY
2021-06-15 03:49:12.619630,80.29149588714861,9860846,DUMMY
2021-06-16 03:49:12.619630,79.1764235047352,4556276,DUMMY
2021-06-17 03:49:12.619630,79.61225057625448,4837200,DUMMY
2021-06-18 03:49:12.619630,78.21764747086908,8727143,DUMMY
2021-06-21 03:49:12.619630,77.08863135667389,3866573,DUMMY
2021-06-22 03:49:12.619630,77.1130651221968,5097754,DUMMY
2021-06-23 03:49:12.619630,77.51714090994312,8124796,DUMMY
2021-06-24 03:49:12.619630,78.802481890213,6504950,DUMMY
2021-06-25 03:49:12.619630,80.19186055697952,3209588,DUMMY
2021-06-28 03:49:12.619630,81.57494078704842,6718688,DUMMY
2021-06-29 03:49:12.619630,80.78722044181563,2216755,DUMMY
2021-06-30 03:49:12.619630,80.38001077750214,1721886,DUMMY
2021-07-01 03:49:12.619630,79.91379453527082,6264712,DUMMY
2021-07-02 03:49:12.619630,79.7523406918459,2551047,DUMMY
2021-07-05 03:49:12.619630,79.50113821442693,3035897,DUMMY
2021-07-06 03:49:12.619630,80.37116865042407,1420668,DUMMY
2021-07-07 03:49:12.619630,80.66752742749865,1003171,DUMMY
2021-07-08 03:49:12.619630,78.70035241063498,7831437,DUMMY
2021-07-09 03:49:12.619630,76.55437050329293,5040361,DUMMY
2021-07-12 03:49:12.619630,77.34356542169354,6415776,DUMMY
2021-07-13 03:49:12.619630,76.51366943285328,2511040,DUMMY
2021-07-14 03:49:12.619630,78.50196748121091,6073085,DUMMY
2021-07-15 03:49:12.619630,79.11069682481198,1293372,DUMMY
2021-07-16 03:49:12.619630,80.52662427687673,9028629,DUMMY
2021-07-19 03:49:12.619630,81.41240285094975,3176916,DUMMY
2021-07-20 03:49:12.619630,80.82569874755863,2305344,DUMMY
2021-07-21 03:49:12.619630,81.64687683912501,1956892,DUMMY
2021-07-22 03:49:12.619630,83.39187117970042,5087597,DUMMY
2021-07-23 03:49:12.619630,83.96571363736714,7144376,DUMMY
2021-07-26 03:49:12.619630,83.78366723118299,3287662,DUMMY
2021-07-27 03:49:12.619630,84.20556760447512,2818774,DUMMY
2021-07-28 03:49:12.619630,85.62110605153954,8852464,DUMMY
2021-07-29 03:49:12.619630,84.11694454008072,9043599,DUMMY
2021-07-30 03:49:12.619630,83.00223564357896,2808601,DUMMY
2021-08-02 03:49:12.619630,83.97564289493496,5194108,DUMMY
2021-08-03 03:49:12.619630,85.13166368945372,2543433,DUMMY
2021-08-04 03:49:12.619630,84.98615190089419,3048348,DUMMY
2021-08-05 03:49:12.619630,85.84358738409186,5910909,DUMMY
2021-08-06 03:49:12.619630,85.73245610156414,8471172,DUMMY
2021-08-09 03:49:12.619630,85.68399997351933,6574281,DUMMY
2021-08-10 03:49:12.619630,87.91878304574121,1265548,DUMMY
2021-08-11 03:49:12.619630,87.6337169438421,9851910,DUMMY
2021-08-12 03:49:12.619630,87.37196779663076,1192398,DUMMY
2021-08-13 03:49:12.619630,88.9890905386149,2841764,DUMMY
2021-08-16 03:49:12.619630,89.32991249372023,1536027,DUMMY
2021-08-17 03:49:12.619630,90.42108981066721,5710292,DUMMY
2021-08-18 03:49:12.619630,91.92552076794627,9336944,DUMMY
2021-08-19 03:49:12.619630,92.28998173919788,8995783,DUMMY
2021-08-20 03:49:12.619630,93.95142515854705,4684769,DUMMY
2021-08-23 03:49:12.619630,93.38115384112858,9408154,DUMMY
2021-08-24 03:49:12.619630,92.6391086041323,4036348,DUMMY
2021-08-25 03:49:12.619630,92.27892425901373,2899292,DUMMY
2021-08-26 03:49:12.619630,92.07301751912641,3870922,DUMMY
2021-08-27 03:49:12.619630,91.91542659590078,7228859,DUMMY
2021-08-30 03:49:12.619630,93.31086563223502,2580281,DUMMY
2021-08-31 03:49:12.619630,93.70180736455902,1509220,DUMMY
2021-09-01 03:49:12.619630,93.67541186570021,9309291,DUMMY
2021-09-02 03:49:12.619630,93.94570369621914,4997782,DUMMY
2021-09-03 03:49:12.619630,92.62641639072994,8489093,DUMMY
2021-09-06 03:49:12.619630,92.8878975406528,2098139,DUMMY
2021-09-07 03:49:12.619630,94.03387694797365,6104515,DUMMY
2021-09-08 03:49:12.619630,94.42148796752141,5384201,DUMMY
2021-09-09 03:49:12.619630,94.66802310535084,6433284,DUMMY
2021-09-10 03:49:12.619630,96.29385092457518,9152924,DUMMY
2021-09-13 03:49:12.619630,96.11139802871142,7750000,DUMMY
2021-09-14 03:49:12.619630,94.76134563795985,4633539,DUMMY
2021-09-15 03:49:12.619630,95.26887938728703,7727262,DUMMY
2021-09-16 03:49:12.619630,95.11661539239367,5619580,DUMMY
2021-09-17 03:49:12.619630,94.05587045737634,5891664,DUMMY
2021-09-20 03:49:12.619630,95.31776189121435,3772192,DUMMY
2021-09-21 03:49:12.619630,95.52902642494303,3681555,DUMMY
2021-09-22 03:49:12.619630,97.04739710497891,1736480,DUMMY
2021-09-23 03:49:12.619630,97.31774445985063,2433449,DUMMY
2021-09-24 03:49:12.619630,95.07812243240154,3545405,DUMMY
2021-09-27 03:49:12.619630,94.01003268782503,8463575,DUMMY
2021-09-28 03:49:12.619630,93.54410150448798,9044254,DUMMY
2021-09-29 03:49:12.619630,94.73992751088664,1277560,DUMMY
2021-09-30 03:49:12.619630,93.92286202807774,7888801,DUMMY
2021-10-01 03:49:12.619630,94.38084849112425,3887939,DUMMY
2021-10-04 03:49:12.619630,95.43945148409547,6850435,DUMMY
2021-10-05 03:49:12.619630,97.52032042257673,2320766,DUMMY
2021-10-06 03:49:12.619630,97.34434954331024,8920303,DUMMY
2021-10-07 03:49:12.619630,97.11945588867692,5091865,DUMMY
2021-10-08 03:49:12.619630,97.74161671856396,6248534,DUMMY
2021-10-11 03:49:12.619630,98.23428381665154,8571981,DUMMY
2021-10-12 03:49:12.619630,97.96255060065674,9864332,DUMMY
2021-10-13 03:49:12.619630,96.2749872939229,7072832,DUMMY
2021-10-14 03:49:12.619630,97.65371908999977,4604456,DUMMY
2021-10-15 03:49:12.619630,99.24885215973612,8597883,DUMMY
2021-10-18 03:49:12.619630,98.70935763558323,9285940,DUMMY
2021-10-19 03:49:12.619630,97.1754577639862,8599734,DUMMY
2021-10-20 03:49:12.619630,95.72138898749876,9072369,DUMMY
2021-10-21 03:49:12.619630,96.20657767706074,8139038,DUMMY
2021-10-22 03:49:12.619630,96.03567276302276,8598725,DUMMY
2021-10-25 03:49:12.619630,96.08010216213393,5880288,DUMMY
2021-10-26 03:49:12.619630,96.2652983284472,2194198,DUMMY
2021-10-27 03:49:12.619630,95.05623693459773,8854492,DUMMY
2021-10-28 03:49:12.619630,95.93782486558277,9369323,DUMMY
2021-10-29 03:49:12.619630,95.16807729696531,9325690,DUMMY
2021-11-01 03:49:12.619630,96.03512179751365,6014571,DUMMY
2021-11-02 03:49:12.619630,97.93660494657377,3189371,DUMMY
2021-11-03 03:49:12.619630,97.04653726391004,3325738,DUMMY
2021-11-04 03:49:12.619630,98.23728808923445,5134726,DUMMY
2021-11-05 03:49:12.619630,97.3064466381316,9631607,DUMMY
2021-11-08 03:49:12.619630,98.87219268067284,5275454,DUMMY
2021-11-09 03:49:12.619630,99.51826661109075,8945840,DUMMY
2021-11-10 03:49:12.619630,100.51457687395454,3441286,DUMMY
2021-11-11 03:49:12.619630,100.35925377075986,7919126,DUMMY
2021-11-12 03:49:12.619630,99.70740942677739,7425771,DUMMY
2021-11-15 03:49:12.619630,98.8036296110472,7739603,DUMMY
2021-11-16 03:49:12.619630,99.59409208908879,7435185,DUMMY
2021-11-17 03:49:12.619630,100.86967317621009,1253227,DUMMY
2021-11-18 03:49:12.619630,101.93468494155408,2068400,DUMMY
2021-11-19 03:49:12.619630,102.33560391942112,7528379,DUMMY
2021-11-22 03:49:12.619630,103.30297529314882,4177249,DUMMY
2021-11-23 03:49:12.619630,103.7920490650978,5757634,DUMMY
2021-11-24 03:49:12.619630,103.99241209324578,9981033,DUMMY
2021-11-25 03:49:12.619630,104.18112761026659,3648098,DUMMY
2021-11-26 03:49:12.619630,104.51153182964822,1593164,DUMMY
2021-11-29 03:49:12.619630,102.27620770731033,2482052,DUMMY
2021-11-30 03:49:12.619630,101.047390609794,4788594,DUMMY
2021-12-01 03:49:12.619630,99.56152013303198,6255559,DUMMY
2021-12-02 03:49:12.619630,98.81675906744738,5500874,DUMMY
2021-12-03 03:49:12.619630,99.41069504569816,3602517,DUMMY
2021-12-06 03:49:12.619630,99.19619625420542,9854517,DUMMY
2021-12-07 03:49:12.619630,99.79472284384796,6548755,DUMMY
2021-12-08 03:49:12.619630,98.97915959578452,2312827,DUMMY
2021-12-09 03:49:12.619630,100.93315151411717,9330024,DUMMY
2021-12-10 03:49:12.619630,99.63898508099224,1182661,DUMMY
2021-12-13 03:49:12.619630,99.83886909953041,9533722,DUMMY
2021-12-14 03:49:12.619630,99.31666969285679,1153925,DUMMY
2021-12-15 03:49:12.619630,99.29451894280912,1081062,DUMMY
2021-12-16 03:49:12.619630,100.21185262524355,9366911,DUMMY
2021-12-17 03:49:12.619630,100.5357235361466,4665687,DUMMY
2021-12-20 03:49:12.619630,100.83650131573775,2698960,DUMMY
2021-12-21 03:49:12.619630,100.6164317047868,6996242,DUMMY
2021-12-22 03:49:12.619630,100.61307143586109,2759097,DUMMY
2021-12-23 03:49:12.619630,99.09263332388205,2525590,DUMMY
2021-12-24 03:49:12.619630,98.91323145881697,6524897,DUMMY
2021-12-27 03:49:12.619630,100.69056596484121,5393947,DUMMY
2021-12-28 03:49:12.619630,99.73785268625738,8196989,DUMMY
2021-12-29 03:49:12.619630,98.95163175493136,6496636,DUMMY
2021-12-30 03:49:12.619630,98.24819672478243,4069594,DUMMY
2021-12-31 03:49:12.619630,99.26573342676457,1232327,DUMMY
2022-01-03 03:49:12.619630,100.00810063553851,7931271,DUMMY
2022-01-04 03:49:12.619630,100.48970354540945,5821958,DUMMY
2022-01-05 03:49:12.619630,101.21119992211352,7157828,DUMMY
2022-01-06 03:49:12.619630,101.76108002185018,4580851,DUMMY
2022-01-07 03:49:12.619630,103.45145890314073,1706608,DUMMY
2022-01-10 03:49:12.619630,104.10429213451205,6150074,DUMMY
2022-01-11 03:49:12.619630,103.37646560651226,3476882,DUMMY
2022-01-12 03:49:12.619630,104.21424832140595,8837768,DUMMY
2022-01-13 03:49:12.619630,104.59476215652606,8225216,DUMMY
2022-01-14 03:49:12.619630,103.00149410141404,7332977,DUMMY
2022-01-17 03:49:12.619630,100.21954699995712,2470870,DUMMY
2022-01-18 03:49:12.619630,99.59218659259359,8738214,DUMMY
2022-01-19 03:49:12.619630,100.3009239238233,8447188,DUMMY
2022-01-20 03:49:12.619630,98.8875318241465,9048037,DUMMY
2022-01-21 03:49:12.619630,99.54389118179755,4890962,DUMMY
2022-01-24 03:49:12.619630,100.97260265806423,9147965,DUMMY
2022-01-25 03:49:12.619630,100.39290910380356,6882623,DUMMY
2022-01-26 03:49:12.619630,101.310349154941,5416632,DUMMY
2022-01-27 03:49:12.619630,101.39600882238928,8317431,DUMMY
2022-01-28 03:49:12.619630,102.35348143357453,5165510,DUMMY
2022-01-31 03:49:12.619630,102.17464978796099,1435282,DUMMY
2022-02-01 03:49:12.619630,103.04208248383273,4342170,DUMMY
2022-02-02 03:49:12.619630,102.52871097983781,5390863,DUMMY
2022-02-03 03:49:12.619630,101.74401624928561,6839469,DUMMY
2022-02-04 03:49:12.619630,101.67659381690386,4552872,DUMMY
2022-02-07 03:49:12.619630,102.0152110850289,4974317,DUMMY
2022-02-08 03:49:12.619630,103.11181149696206,7580049,DUMMY
2022-02-09 03:49:12.619630,103.92827053403731,7073743,DUMMY
2022-02-10 03:49:12.619630,103.01792312540036,7158437,DUMMY
2022-02-11 03:49:12.619630,101.89262359859438,5222656,DUMMY
2022-02-14 03:49:12.619630,103.90922268249435,9169036,DUMMY
2022-02-15 03:49:12.619630,106.62455173685143,4167243,DUMMY
2022-02-16 03:49:12.619630,105.74778301189217,2883216,DUMMY
2022-02-17 03:49:12.619630,107.79556998278754,8196806,DUMMY
2022-02-18 03:49:12.619630,107.88755106293681,1241663,DUMMY
2022-02-21 03:49:12.619630,109.53154341500642,3563399,DUMMY
2022-02-22 03:49:12.619630,109.23071207107465,5617585,DUMMY
2022-02-23 03:49:12.619630,109.92698417934955,6725793,DUMMY
2022-02-24 03:49:12.619630,108.95601319326065,5414480,DUMMY
2022-02-25 03:49:12.619630,107.69665906091086,7767445,DUMMY
2022-02-28 03:49:12.619630,108.57691795919176,1945487,DUMMY
2022-03-01 03:49:12.619630,108.1373557811549,7225778,DUMMY
2022-03-02 03:49:12.619630,108.45226074882022,8164579,DUMMY
2022-03-03 03:49:12.619630,108.14687164601892,3021958,DUMMY
2022-03-04 03:49:12.619630,107.21254946999093,4249119,DUMMY
2022-03-07 03:49:12.619630,109.23845569975039,8076189,DUMMY
2022-03-08 03:49:12.619630,110.04501315089762,9782991,DUMMY
2022-03-09 03:49:12.619630,109.9794210343657,3432930,DUMMY
2022-03-10 03:49:12.619630,109.06062881825025,8032363,DUMMY
2022-03-11 03:49:12.619630,109.52922782113957,9754201,DUMMY
2022-03-14 03:49:12.619630,108.52979203732771,4227374,DUMMY
2022-03-15 03:49:12.619630,109.38906670522579,3565839,DUMMY
2022-03-16 03:49:12.619630,108.21493816340205,1174277,DUMMY
2022-03-17 03:49:12.619630,109.52957142615533,2592698,DUMMY
2022-03-18 03:49:12.619630,108.13719149331473,6383257,DUMMY
2022-03-21 03:49:12.619630,108.04180013685895,1172596,DUMMY
2022-03-22 03:49:12.619630,107.28812500083014,7370106,DUMMY
2022-03-23 03:49:12.619630,107.1325540290679,4537000,DUMMY
2022-03-24 03:49:12.619630,107.73773550753545,8955771,DUMMY
2022-03-25 03:49:12.619630,105.82585641701336,4403325,DUMMY
2022-03-28 03:49:12.619630,105.49595046253347,6494763,DUMMY
2022-03-29 03:49:12.619630,103.45925309742267,7987465,DUMMY
2022-03-30 03:49:12.619630,104.35991094196979,6267759,DUMMY
2022-03-31 03:49:12.619630,103.811180751145,5996905,DUMMY
2022-04-01 03:49:12.619630,103.70262885630369,1903436,DUMMY
2022-04-04 03:49:12.619630,102.78759808656126,7441809,DUMMY
2022-04-05 03:49:12.619630,102.98691874420992,9253939,DUMMY
2022-04-06 03:49:12.619630,104.07448279338628,8482858,DUMMY
2022-04-07 03:49:12.619630,104.58637642092462,6570667,DUMMY
2022-04-08 03:49:12.619630,104.7337436603985,8493865,DUMMY
2022-04-11 03:49:12.619630,104.26358299771147,5718034,DUMMY
2022-04-12 03:49:12.619630,102.68917028762041,7461446,DUMMY
2022-04-13 03:49:12.619630,102.19451059409863,8060667,DUMMY
2022-04-14 03:49:12.619630,102.86100004783226,2420798,DUMMY
2022-04-15 03:49:12.619630,104.95731364298231,6223611,DUMMY
2022-04-18 03:49:12.619630,105.44192192369881,2188922,DUMMY
2022-04-19 03:49:12.619630,106.61334328894394,2096997,DUMMY
2022-04-20 03:49:12.619630,106.81795659428025,8876742,DUMMY
2022-04-21 03:49:12.619630,106.41090882500792,6068991,DUMMY
2022-04-22 03:49:12.619630,107.46087932290757,9591707,DUMMY
2022-04-25 03:49:12.619630,107.94455813775386,3917363,DUMMY
2022-04-26 03:49:12.619630,108.54589979652232,5774468,DUMMY
2022-04-27 03:49:12.619630,108.89710692517805,2461332,DUMMY
2022-04-28 03:49:12.619630,109.22044935270111,4535434,DUMMY
2022-04-29 03:49:12.619630,107.8162793130434,7020506,DUMMY
2022-05-02 03:49:12.619630,107.09366948357703,4700437,DUMMY
2022-05-03 03:49:12.619630,110.32452769922827,2947117,DUMMY
2022-05-04 03:49:12.619630,110.6193397474098,1173311,DUMMY
2022-05-05 03:49:12.619630,110.02659200588997,1828264,DUMMY
2022-05-06 03:49:12.619630,110.26310624925578,4519996,DUMMY
2022-05-09 03:49:12.619630,110.18041859475001,6389737,DUMMY
2022-05-10 03:49:12.619630,110.7022739072332,9711593,DUMMY
2022-05-11 03:49:12.619630,111.28617717524287,1064349,DUMMY
2022-05-12 03:49:12.619630,112.07735152993692,2761004,DUMMY
2022-05-13 03:49:12.619630,110.9095178893776,8828217,DUMMY
2022-05-16 03:49:12.619630,110.75001191693791,6060401,DUMMY
2022-05-17 03:49:12.619630,111.09089601711966,4664275,DUMMY
2022-05-18 03:49:12.619630,111.25546030827002,7800914,DUMMY
2022-05-19 03:49:12.619630,111.90902628332198,6080882,DUMMY
2022-05-20 03:49:12.619630,111.60625081818635,8053944,DUMMY
2022-05-23 03:49:12.619630,110.33092375203495,1930576,DUMMY
2022-05-24 03:49:12.619630,110.08721618865142,7276942,DUMMY
2022-05-25 03:49:12.619630,109.7480420632418,8879254,DUMMY
2022-05-26 03:49:12.619630,110.02232248504842,1272454,DUMMY
2022-05-27 03:49:12.619630,110.99206110553783,6958759,DUMMY
2022-05-30 03:49:12.619630,111.598389201114,1754893,DUMMY
2022-05-31 03:49:12.619630,112.16223509643254,2216770,DUMMY
2022-06-01 03:49:12.619630,111.82666049353858,3377405,DUMMY
2022-06-02 03:49:12.619630,109.95333168690432,8639558,DUMMY
2022-06-03 03:49:12.619630,109.37110819282418,1901282,DUMMY
2022-06-06 03:49:12.619630,109.01990810871038,5378636,DUMMY
2022-06-07 03:49:12.619630,109.45901194809394,7762856,DUMMY
2022-06-08 03:49:12.619630,108.88678326429492,4060553,DUMMY
2022-06-09 03:49:12.619630,109.17819724498094,4420153,DUMMY
2022-06-10 03:49:12.619630,108.40321692456705,2210311,DUMMY
2022-06-13 03:49:12.619630,107.97769493801565,7702413,DUMMY
2022-06-14 03:49:12.619630,108.61345256746449,2972929,DUMMY
2022-06-15 03:49:12.619630,107.520593419745,9401360,DUMMY
2022-06-16 03:49:12.619630,109.07659086650378,8967915,DUMMY
2022-06-17 03:49:12.619630,109.68057780384903,7767711,DUMMY
2022-06-20 03:49:12.619630,110.72963181087638,2274013,DUMMY
2022-06-21 03:49:12.619630,110.77018624729385,7148408,DUMMY
2022-06-22 03:49:12.619630,109.86889302468987,2410764,DUMMY
2022-06-23 03:49:12.619630,110.2955115328339,4478225,DUMMY
2022-06-24 03:49:12.619630,111.38718549995805,4905046,DUMMY
2022-06-27 03:49:12.619630,110.54029117599987,5428175,DUMMY
2022-06-28 03:49:12.619630,110.06851078378688,4910730,DUMMY
2022-06-29 03:49:12.619630,109.14420122052846,9537708,DUMMY
2022-06-30 03:49:12.619630,108.4187881047315,6632414,DUMMY
2022-07-01 03:49:12.619630,109.07094622481566,4520518,DUMMY
2022-07-04 03:49:12.619630,110.72884465607015,1827403,DUMMY
2022-07-05 03:49:12.619630,111.38496443421404,4667047,DUMMY
2022-07-06 03:49:12.619630,113.88176115258796,7238044,DUMMY
2022-07-07 03:49:12.619630,113.09408209578143,9863150,DUMMY
2022-07-08 03:49:12.619630,112.21249278135248,3916485,DUMMY
2022-07-11 03:49:12.619630,112.74233781788158,3835771,DUMMY
2022-07-12 03:49:12.619630,113.40893439789124,5614578,DUMMY
2022-07-13 03:49:12.619630,113.74263103622071,1126894,DUMMY
2022-07-14 03:49:12.619630,112.66023920191476,2153777,DUMMY
2022-07-15 03:49:12.619630,111.69077159674681,3121110,DUMMY
2022-07-18 03:49:12.619630,111.82184470534041,9325263,DUMMY
2022-07-19 03:49:12.619630,113.64386344207067,1601113,DUMMY
2022-07-20 03:49:12.619630,113.43739915044681,2736289,DUMMY
2022-07-21 03:49:12.619630,113.36528994620147,3427990,DUMMY
2022-07-22 03:49:12.619630,113.74548152881313,7164817,DUMMY
2022-07-25 03:49:12.619630,112.80452073116432,9418649,DUMMY
2022-07-26 03:49:12.619630,112.78643264435759,4361920,DUMMY
2022-07-27 03:49:12.619630,112.47947797592192,3225905,DUMMY
2022-07-28 03:49:12.619630,113.32589941355903,6901484,DUMMY
2022-07-29 03:49:12.619630,113.65275581703956,8371854,DUMMY
2022-08-01 03:49:12.619630,112.25160499045029,5037169,DUMMY
2022-08-02 03:49:12.619630,112.93852125756436,1678748,DUMMY
2022-08-03 03:49:12.619630,112.8986074531116,2060494,DUMMY
2022-08-04 03:49:12.619630,112.44115998724007,5965596,DUMMY
2022-08-05 03:49:12.619630,112.51812252371928,3529710,DUMMY
2022-08-08 03:49:12.619630,112.78323574102141,7345772,DUMMY
2022-08-09 03:49:12.619630,111.81271976389644,5657666,DUMMY
2022-08-10 03:49:12.619630,113.07007008687026,8554879,DUMMY
2022-08-11 03:49:12.619630,113.36330498251986,1570177,DUMMY
2022-08-12 03:49:12.619630,113.69468304134769,7307623,DUMMY
2022-08-15 03:49:12.619630,113.89361361714,3302862,DUMMY
2022-08-16 03:49:12.619630,116.25408273804068,4767999,DUMMY
2022-08-17 03:49:12.619630,117.39272628479945,5390503,DUMMY
2022-08-18 03:49:12.619630,116.66613553564741,8680977,DUMMY
2022-08-19 03:49:12.619630,116.21160867243073,9870861,DUMMY
2022-08-22 03:49:12.619630,115.59468591280925,3565922,DUMMY
2022-08-23 03:49:12.619630,116.33713066251337,4219933,DUMMY
2022-08-24 03:49:12.619630,117.50305336886822,4855433,DUMMY
2022-08-25 03:49:12.619630,117.04270043583384,7209429,DUMMY
2022-08-26 03:49:12.619630,117.23267937787907,3260630,DUMMY
2022-08-29 03:49:12.619630,116.04309575680716,6429194,DUMMY
2022-08-30 03:49:12.619630,116.84598863989561,5032381,DUMMY
2022-08-31 03:49:12.619630,118.32645660843166,1571319,DUMMY
2022-09-01 03:49:12.619630,118.58076195339409,2980430,DUMMY
2022-09-02 03:49:12.619630,119.32889915968138,6347487,DUMMY
2022-09-05 03:49:12.619630,119.69192911173572,2336135,DUMMY
2022-09-06 03:49:12.619630,120.54516398693842,2217842,DUMMY
2022-09-07 03:49:12.619630,120.58933279403328,8424635,DUMMY
2022-09-08 03:49:12.619630,120.53692445761975,2089190,DUMMY
2022-09-09 03:49:12.619630,121.02010409213943,5498039,DUMMY
2022-09-12 03:49:12.619630,119.73664810542184,4676847,DUMMY
2022-09-13 03:49:12.619630,120.43153776914208,3525172,DUMMY
2022-09-14 03:49:12.619630,120.5204244311024,5075949,DUMMY
2022-09-15 03:49:12.619630,119.83365439986247,6835079,DUMMY
2022-09-16 03:49:12.619630,118.18351403944361,5914514,DUMMY
2022-09-19 03:49:12.619630,118.06144371087032,8238889,DUMMY
2022-09-20 03:49:12.619630,118.4019924571071,1905169,DUMMY
2022-09-21 03:49:12.619630,118.18157857319628,1152381,DUMMY
2022-09-22 03:49:12.619630,117.55445527524577,6026901,DUMMY
2022-09-23 03:49:12.619630,115.52873851191065,9897933,DUMMY
2022-09-26 03:49:12.619630,116.79356465530579,9121693,DUMMY
2022-09-27 03:49:12.619630,115.09377246437266,2879293,DUMMY
2022-09-28 03:49:12.619630,115.33444584854885,9986347,DUMMY
2022-09-29 03:49:12.619630,115.90543648768731,4283771,DUMMY
2022-09-30 03:49:12.619630,116.16933311102527,9219930,DUMMY
2022-10-03 03:49:12.619630,115.95773538839663,7296298,DUMMY
2022-10-04 03:49:12.619630,116.93598111022851,6333319,DUMMY
2022-10-05 03:49:12.619630,115.84504576047726,3671299,DUMMY
2022-10-06 03:49:12.619630,115.81796566190519,1597922,DUMMY
2022-10-07 03:49:12.619630,115.46532236254535,3779302,DUMMY
2022-10-10 03:49:12.619630,114.98272863255858,9469279,DUMMY
2022-10-11 03:49:12.619630,114.93111537218539,1709525,DUMMY
2022-10-12 03:49:12.619630,116.23452381033633,2176396,DUMMY
2022-10-13 03:49:12.619630,116.17248417079807,2453405,DUMMY
2022-10-14 03:49:12.619630,115.56507736206196,1302485,DUMMY
2022-10-17 03:49:12.619630,115.0773860686642,4293695,DUMMY
2022-10-18 03:49:12.619630,115.13985165767286,7958612,DUMMY
2022-10-19 03:49:12.619630,115.77013955406893,8205381,DUMMY
2022-10-20 03:49:12.619630,115.4123669611705,7604513,DUMMY
2022-10-21 03:49:12.619630,118.07137898189066,9026858,DUMMY
2022-10-24 03:49:12.619630,117.75417441421392,9699402,DUMMY
2022-10-25 03:49:12.619630,116.29876918594707,3720708,DUMMY
2022-10-26 03:49:12.619630,116.12465842962663,8199190,DUMMY
2022-10-27 03:49:12.619630,117.17115360917236,6580190,DUMMY
2022-10-28 03:49:12.619630,116.59021762106336,7969468,DUMMY
2022-10-31 03:49:12.619630,114.99512452121463,8198458,DUMMY
2022-11-01 03:49:12.619630,115.176356620859,1068407,DUMMY
2022-11-02 03:49:12.619630,111.85365230838711,4964259,DUMMY
2022-11-03 03:49:12.619630,109.9878697126095,4006955,DUMMY
2022-11-04 03:49:12.619630,110.06718326351533,9586966,DUMMY
2022-11-07 03:49:12.619630,110.7347410878232,2165451,DUMMY
2022-11-08 03:49:12.619630,110.73139540331316,6370617,DUMMY
2022-11-09 03:49:12.619630,110.63554816885343,4438182,DUMMY
2022-11-10 03:49:12.619630,112.1879881905895,7141940,DUMMY
2022-11-11 03:49:12.619630,112.0022134706028,4883012,DUMMY
2022-11-14 03:49:12.619630,110.60601291187535,5199671,DUMMY
2022-11-15 03:49:12.619630,110.2823687475934,7660022,DUMMY
2022-11-16 03:49:12.619630,110.65544000313203,7560448,DUMMY
2022-11-17 03:49:12.619630,110.24390971134144,6534104,DUMMY
2022-11-18 03:49:12.619630,111.48081168144529,7583209,DUMMY
2022-11-21 03:49:12.619630,110.38772584787154,9890914,DUMMY
2022-11-22 03:49:12.619630,110.74636699580607,9553549,DUMMY
2022-11-23 03:49:12.619630,109.82758242583493,8452995,DUMMY
2022-11-24 03:49:12.619630,110.3329814500778,5749234,DUMMY
2022-11-25 03:49:12.619630,109.36438271256971,7789230,DUMMY
2022-11-28 03:49:12.619630,108.79361027735706,5940080,DUMMY
2022-11-29 03:49:12.619630,108.45819400815894,9543903,DUMMY
2022-11-30 03:49:12.619630,109.38030087465862,7357225,DUMMY
2022-12-01 03:49:12.619630,111.00673599434135,7897039,DUMMY
2022-12-02 03:49:12.619630,108.92836994356998,4477774,DUMMY
2022-12-05 03:49:12.619630,108.61423121999565,4855197,DUMMY
2022-12-06 03:49:12.619630,108.27492493117369,4529508,DUMMY
2022-12-07 03:49:12.619630,109.79525863721467,8238961,DUMMY
2022-12-08 03:49:12.619630,111.52407978383133,2485630,DUMMY
2022-12-09 03:49:12.619630,111.36753034928488,9618374,DUMMY
2022-12-12 03:49:12.619630,112.17241459603945,8328687,DUMMY
2022-12-13 03:49:12.619630,113.06177441716092,6131796,DUMMY
2022-12-14 03:49:12.619630,113.26750017459645,5465752,DUMMY
2022-12-15 03:49:12.619630,113.6156050727057,4057757,DUMMY
2022-12-16 03:49:12.619630,113.7476783329261,7626964,DUMMY
2022-12-19 03:49:12.619630,114.66663894975625,1776481,DUMMY
2022-12-20 03:49:12.619630,113.43601459654231,3130359,DUMMY
2022-12-21 03:49:12.619630,114.17246005671585,5676917,DUMMY
2022-12-22 03:49:12.619630,113.92548170994353,3489520,DUMMY
2022-12-23 03:49:12.619630,114.11424128041993,9168352,DUMMY
2022-12-26 03:49:12.619630,114.81225025006059,4936474,DUMMY
2022-12-27 03:49:12.619630,115.36310642619605,6562265,DUMMY
2022-12-28 03:49:12.619630,115.41552145881283,1822205,DUMMY
2022-12-29 03:49:12.619630,116.04507516584191,5745497,DUMMY
2022-12-30 03:49:12.619630,115.34799607931659,9788245,DUMMY
2023-01-02 03:49:12.619630,116.65174391166687,8797340,DUMMY
2023-01-03 03:49:12.619630,116.90144475367102,6642438,DUMMY
2023-01-04 03:49:12.619630,117.22044117581818,6267881,DUMMY
2023-01-05 03:49:12.619630,115.63469163251908,1031026,DUMMY
2023-01-06 03:49:12.619630,116.13023968098224,6996362,DUMMY
2023-01-09 03:49:12.619630,113.46945003246188,8435360,DUMMY
2023-01-10 03:49:12.619630,112.0557676381703,4777908,DUMMY
2023-01-11 03:49:12.619630,112.76755217347682,3322478,DUMMY
2023-01-12 03:49:12.619630,113.9275480124626,1982326,DUMMY
2023-01-13 03:49:12.619630,115.10415215082133,1910711,DUMMY
2023-01-16 03:49:12.619630,115.41243846761053,1267222,DUMMY
2023-01-17 03:49:12.619630,115.7268671923419,4978955,DUMMY
2023-01-18 03:49:12.619630,116.33566088308947,2596596,DUMMY
2023-01-19 03:49:12.619630,117.69606178064022,4231024,DUMMY
2023-01-20 03:49:12.619630,119.02714410130429,6092187,DUMMY
2023-01-23 03:49:12.619630,118.48528741505832,5983114,DUMMY
2023-01-24 03:49:12.619630,120.6915040054815,1747150,DUMMY
2023-01-25 03:49:12.619630,121.27908233346787,3196893,DUMMY
2023-01-26 03:49:12.619630,121.27390963144605,6104140,DUMMY
2023-01-27 03:49:12.619630,121.48992517692676,8253302,DUMMY
2023-01-30 03:49:12.619630,121.9921502208905,7350275,DUMMY
2023-01-31 03:49:12.619630,120.97476459358255,6494567,DUMMY
2023-02-01 03:49:12.619630,121.12234089749681,2417650,DUMMY
2023-02-02 03:49:12.619630,119.05487358329363,2382620,DUMMY
2023-02-03 03:49:12.619630,117.73743620896484,6426223,DUMMY
2023-02-06 03:49:12.619630,117.57702058743475,8022369,DUMMY
2023-02-07 03:49:12.619630,118.29802990513275,8630161,DUMMY
2023-02-08 03:49:12.619630,119.09135274507511,6916800,DUMMY
2023-02-09 03:49:12.619630,117.16854065047968,5609117,DUMMY
2023-02-10 03:49:12.619630,117.27510624381449,5323447,DUMMY
2023-02-13 03:49:12.619630,116.87383572738531,6579807,DUMMY
2023-02-14 03:49:12.619630,115.74408272880892,3045307,DUMMY
2023-02-15 03:49:12.619630,117.20564734783224,9527440,DUMMY
2023-02-16 03:49:12.619630,118.21987469554483,3460877,DUMMY
2023-02-17 03:49:12.619630,118.83119511181621,6100787,DUMMY
2023-02-20 03:49:12.619630,120.349312952023,4084692,DUMMY
2023-02-21 03:49:12.619630,120.46930423227116,4856497,DUMMY
2023-02-22 03:49:12.619630,119.95413413315832,7040455,DUMMY
2023-02-23 03:49:12.619630,117.90421397831263,5045549,DUMMY
2023-02-24 03:49:12.619630,118.97497344583147,8202424,DUMMY
2023-02-27 03:49:12.619630,118.91451856749245,8369760,DUMMY
2023-02-28 03:49:12.619630,118.95890967842203,8533035,DUMMY
2023-03-01 03:49:12.619630,119.35666998897003,5804070,DUMMY
2023-03-02 03:49:12.619630,119.4561485917333,9509414,DUMMY
2023-03-03 03:49:12.619630,120.0083120249592,8501135,DUMMY
2023-03-06 03:49:12.619630,118.98931577178337,1803951,DUMMY
2023-03-07 03:49:12.619630,118.8013637737042,1351780,DUMMY
2023-03-08 03:49:12.619630,118.3892671502613,5038578,DUMMY
2023-03-09 03:49:12.619630,117.76450579087837,8061585,DUMMY
2023-03-10 03:49:12.619630,117.34727913116278,3198391,DUMMY
2023-03-13 03:49:12.619630,117.77799984951866,2693395,DUMMY
2023-03-14 03:49:12.619630,116.33242378388543,9948979,DUMMY
2023-03-15 03:49:12.619630,117.19170257152072,6516269,DUMMY
2023-03-16 03:49:12.619630,114.83375933900565,4211576,DUMMY
2023-03-17 03:49:12.619630,114.48439618356863,8690338,DUMMY
2023-03-20 03:49:12.619630,115.29459050331191,8037972,DUMMY
2023-03-21 03:49:12.619630,116.70760857016519,3125062,DUMMY
2023-03-22 03:49:12.619630,117.07372182916424,1982214,DUMMY
2023-03-23 03:49:12.619630,116.92619269178181,7578283,DUMMY
2023-03-24 03:49:12.619630,117.75721417385873,3887897,DUMMY
2023-03-27 03:49:12.619630,117.13913367296256,5994651,DUMMY
2023-03-28 03:49:12.619630,118.1686767294413,1767420,DUMMY
2023-03-29 03:49:12.619630,118.34393329884193,4140714,DUMMY
2023-03-30 03:49:12.619630,118.23587533473344,1428780,DUMMY
2023-03-31 03:49:12.619630,117.2632998179766,2710472,DUMMY
2023-04-03 03:49:12.619630,116.47754519242854,9908786,DUMMY
2023-04-04 03:49:12.619630,118.08870730009207,5567065,DUMMY
2023-04-05 03:49:12.619630,117.51657292815767,2312582,DUMMY
2023-04-06 03:49:12.619630,117.73769086524142,1123785,DUMMY
2023-04-07 03:49:12.619630,118.44643761953951,9301075,DUMMY
2023-04-10 03:49:12.619630,119.79235367139613,8613256,DUMMY
2023-04-11 03:49:12.619630,119.46434740304397,1578956,DUMMY
2023-04-12 03:49:12.619630,120.28963403380965,2654077,DUMMY
2023-04-13 03:49:12.619630,119.76513485844913,5617842,DUMMY
2023-04-14 03:49:12.619630,120.20352860221702,6616051,DUMMY
2023-04-17 03:49:12.619630,120.1597128554581,4948453,DUMMY
2023-04-18 03:49:12.619630,119.57415049071977,6743499,DUMMY
2023-04-19 03:49:12.619630,118.82536272450211,5728519,DUMMY
2023-04-20 03:49:12.619630,118.72906761990427,5096544,DUMMY
2023-04-21 03:49:12.619630,119.03608846663059,8415681,DUMMY
2023-04-24 03:49:12.619630,119.37321887545053,3663173,DUMMY
2023-04-25 03:49:12.619630,118.235988720652,5424309,DUMMY
2023-04-26 03:49:12.619630,118.1992470344426,9815074,DUMMY
2023-04-27 03:49:12.619630,117.32791110652532,1860688,DUMMY
2023-04-28 03:49:12.619630,119.3925559560603,7103917,DUMMY
2023-05-01 03:49:12.619630,118.7265163851205,8235271,DUMMY
2023-05-02 03:49:12.619630,118.51503635726968,2406691,DUMMY
2023-05-03 03:49:12.619630,117.862936121567,1347189,DUMMY
2023-05-04 03:49:12.619630,118.62819428310254,4887847,DUMMY
2023-05-05 03:49:12.619630,118.2380865825007,3323538,DUMMY
2023-05-08 03:49:12.619630,118.37394234145236,8325638,DUMMY
2023-05-09 03:49:12.619630,118.08371711821631,2619352,DUMMY
2023-05-10 03:49:12.619630,118.85223423563232,3652082,DUMMY
2023-05-11 03:49:12.619630,119.32055795996305,3997706,DUMMY
2023-05-12 03:49:12.619630,120.00285710670708,3263587,DUMMY
2023-05-15 03:49:12.619630,119.76820314168971,7548608,DUMMY
2023-05-16 03:49:12.619630,118.02762367892286,5226183,DUMMY
2023-05-17 03:49:12.619630,118.15544857398804,2864357,DUMMY
2023-05-18 03:49:12.619630,118.55850087201091,8541042,DUMMY
2023-05-19 03:49:12.619630,118.04900531809852,3723144,DUMMY
2023-05-22 03:49:12.619630,118.43816268615919,5994952,DUMMY
2023-05-23 03:49:12.619630,116.11445144688847,6891383,DUMMY
2023-05-24 03:49:12.619630,116.89169980533438,6054074,DUMMY
2023-05-25 03:49:12.619630,117.53754850661564,2494520,DUMMY
2023-05-26 03:49:12.619630,119.10470203976828,2229559,DUMMY
2023-05-29 03:49:12.619630,118.87174928978368,3534644,DUMMY
2023-05-30 03:49:12.619630,119.35092146958903,2263244,DUMMY
2023-05-31 03:49:12.619630,119.2155815522023,3754492,DUMMY
2023-06-01 03:49:12.619630,120.28165602729942,2402877,DUMMY
2023-06-02 03:49:12.619630,119.85939944877066,5848785,DUMMY
2023-06-05 03:49:12.619630,121.563614884172,1616265,DUMMY
2023-06-06 03:49:12.619630,122.26858944680143,8342302,DUMMY
2023-06-07 03:49:12.619630,123.01304950475404,9019441,DUMMY
2023-06-08 03:49:12.619630,122.81588297086705,7234658,DUMMY
2023-06-09 03:49:12.619630,124.12713029848592,4180177,DUMMY
2023-06-12 03:49:12.619630,122.15536781921521,4045794,DUMMY
2023-06-13 03:49:12.619630,121.26159963271651,3389296,DUMMY
2023-06-14 03:49:12.619630,122.70406329444437,9293441,DUMMY
2023-06-15 03:49:12.619630,121.65312670627068,2782952,DUMMY
2023-06-16 03:49:12.619630,120.38129320387011,6298607,DUMMY
2023-06-19 03:49:12.619630,120.14928121779596,7846885,DUMMY
2023-06-20 03:49:12.619630,121.20613130789835,1159005,DUMMY
2023-06-21 03:49:12.619630,123.59208386544731,7053276,DUMMY
2023-06-22 03:49:12.619630,123.72526748463464,7902508,DUMMY
2023-06-23 03:49:12.619630,125.06103687944619,1672849,DUMMY
2023-06-26 03:49:12.619630,127.16193607317037,4295499,DUMMY
2023-06-27 03:49:12.619630,128.29072925103202,1942575,DUMMY
2023-06-28 03:49:12.619630,129.55121894317045,3479472,DUMMY
2023-06-29 03:49:12.619630,129.19957770075604,6286928,DUMMY
2023-06-30 03:49:12.619630,130.74915747764345,6301232,DUMMY
2023-07-03 03:49:12.619630,130.82172327538296,7783553,DUMMY
2023-07-04 03:49:12.619630,130.32740104081938,4294538,DUMMY
2023-07-05 03:49:12.619630,130.79180862956264,5509329,DUMMY
2023-07-06 03:49:12.619630,129.4359397229639,9472962,DUMMY
2023-07-07 03:49:12.619630,129.85417078393846,7942344,DUMMY
2023-07-10 03:49:12.619630,129.77113825680408,4650356,DUMMY
2023-07-11 03:49:12.619630,131.28533500472318,4294951,DUMMY
2023-07-12 03:49:12.619630,130.72907386023962,5161273,DUMMY
2023-07-13 03:49:12.619630,130.7245301810591,8366101,DUMMY
2023-07-14 03:49:12.619630,129.4078879715345,2090724,DUMMY
2023-07-17 03:49:12.619630,130.04964445625717,3783086,DUMMY
2023-07-18 03:49:12.619630,130.85630711633456,7545451,DUMMY
2023-07-19 03:49:12.619630,130.33187485013195,5541532,DUMMY
2023-07-20 03:49:12.619630,130.0157724198029,9582287,DUMMY
2023-07-21 03:49:12.619630,130.24777186410066,7708672,DUMMY
2023-07-24 03:49:12.619630,130.07202981271905,5005806,DUMMY
2023-07-25 03:49:12.619630,130.29237659916805,6577626,DUMMY
2023-07-26 03:49:12.619630,129.9312821708678,5267518,DUMMY
2023-07-27 03:49:12.619630,130.91901214459415,3077651,DUMMY
2023-07-28 03:49:12.619630,131.331459836455,2177441,DUMMY
2023-07-31 03:49:12.619630,131.62307036275016,4669717,DUMMY
2023-08-01 03:49:12.619630,132.21540414074576,3059436,DUMMY
2023-08-02 03:49:12.619630,133.65872561179805,5098352,DUMMY
2023-08-03 03:49:12.619630,133.97816117283782,6148633,DUMMY
2023-08-04 03:49:12.619630,136.1088138823241,6419338,DUMMY
2023-08-07 03:49:12.619630,134.82288467624437,4110986,DUMMY
2023-08-08 03:49:12.619630,133.82631585256388,6255287,DUMMY
2023-08-09 03:49:12.619630,134.41355772293258,3654615,DUMMY
2023-08-10 03:49:12.619630,135.98299511513028,3611625,DUMMY
2023-08-11 03:49:12.619630,137.84717842633523,4974933,DUMMY
2023-08-14 03:49:12.619630,137.98767361954387,3169617,DUMMY
2023-08-15 03:49:12.619630,137.6444298486038,3084717,DUMMY
2023-08-16 03:49:12.619630,136.1448823431463,2335728,DUMMY
2023-08-17 03:49:12.619630,136.30435637504283,8329270,DUMMY
2023-08-18 03:49:12.619630,137.25210098427766,9059765,DUMMY
2023-08-21 03:49:12.619630,137.5998822839371,9744900,DUMMY
2023-08-22 03:49:12.619630,138.87094102526729,6303502,DUMMY
2023-08-23 03:49:12.619630,140.31315670207772,8372880,DUMMY
2023-08-24 03:49:12.619630,139.22427893581812,3995813,DUMMY
2023-08-25 03:49:12.619630,138.55933352317993,3695292,DUMMY
2023-08-28 03:49:12.619630,139.69594717928513,6350372,DUMMY
2023-08-29 03:49:12.619630,140.71329570976116,7870951,DUMMY
2023-08-30 03:49:12.619630,141.0656966170676,6317842,DUMMY
2023-08-31 03:49:12.619630,142.37084892913273,5473614,DUMMY
2023-09-01 03:49:12.619630,143.59023215589244,7311523,DUMMY
2023-09-04 03:49:12.619630,142.53812290299703,1250751,DUMMY
2023-09-05 03:49:12.619630,141.95172788460036,1649342,DUMMY
2023-09-06 03:49:12.619630,141.9164202483721,2203755,DUMMY
2023-09-07 03:49:12.619630,142.89012808656074,6382466,DUMMY
2023-09-08 03:49:12.619630,143.69422780096107,4839692,DUMMY
2023-09-11 03:49:12.619630,143.13687497657762,3968324,DUMMY
2023-09-12 03:49:12.619630,143.0248125106371,4210871,DUMMY
2023-09-13 03:49:12.619630,141.41053313795243,5695123,DUMMY
2023-09-14 03:49:12.619630,141.58712698365548,2509084,DUMMY
2023-09-15 03:49:12.619630,140.74022787645373,8304274,DUMMY
2023-09-18 03:49:12.619630,142.32016636569034,4521092,DUMMY
2023-09-19 03:49:12.619630,142.54904102620623,2046019,DUMMY
2023-09-20 03:49:12.619630,142.73039028231264,4703443,DUMMY
2023-09-21 03:49:12.619630,143.3584890114762,9293673,DUMMY
2023-09-22 03:49:12.619630,142.8513101943287,1671679,DUMMY
2023-09-25 03:49:12.619630,141.72630231253459,7088260,DUMMY
2023-09-26 03:49:12.619630,140.21372359184974,4355412,DUMMY
2023-09-27 03:49:12.619630,140.532744804649,7218963,DUMMY
2023-09-28 03:49:12.619630,140.90237681515038,6845619,DUMMY
2023-09-29 03:49:12.619630,140.25807556143616,6697883,DUMMY
2023-10-02 03:49:12.619630,142.00408448205752,4477405,DUMMY
2023-10-03 03:49:12.619630,141.58249647872003,3849577,DUMMY
2023-10-04 03:49:12.619630,142.4823591610361,2425805,DUMMY
2023-10-05 03:49:12.619630,142.8776381281074,7122562,DUMMY
2023-10-06 03:49:12.619630,142.51463448504572,4483957,DUMMY
2023-10-09 03:49:12.619630,143.49353288960165,3279892,DUMMY
2023-10-10 03:49:12.619630,144.10108938081578,7752449,DUMMY
2023-10-11 03:49:12.619630,143.53064671610937,1613442,DUMMY
2023-10-12 03:49:12.619630,144.51281172130695,9749702,DUMMY
2023-10-13 03:49:12.619630,143.91545430897986,7894022,DUMMY
2023-10-16 03:49:12.619630,143.83776335035571,4377461,DUMMY
2023-10-17 03:49:12.619630,143.52592310970024,4898165,DUMMY
2023-10-18 03:49:12.619630,142.20223968605407,1309242,DUMMY
2023-10-19 03:49:12.619630,142.7040931014334,4651654,DUMMY
2023-10-20 03:49:12.619630,143.647270399213,7307207,DUMMY
2023-10-23 03:49:12.619630,145.00455112398203,8233724,DUMMY
2023-10-24 03:49:12.619630,144.2004244263696,6481043,DUMMY
2023-10-25 03:49:12.619630,142.50118862519875,9505438,DUMMY
2023-10-26 03:49:12.619630,142.66058388380452,8209749,DUMMY
2023-10-27 03:49:12.619630,143.6991511218996,3188161,DUMMY
2023-10-30 03:49:12.619630,144.53226693075533,9330406,DUMMY
2023-10-31 03:49:12.619630,145.40092782936622,1050388,DUMMY
2023-11-01 03:49:12.619630,145.5845718826308,3184154,DUMMY
2023-11-02 03:49:12.619630,145.90270318832702,4215040,DUMMY
2023-11-03 03:49:12.619630,147.285629661844,5384413,DUMMY
2023-11-06 03:49:12.619630,146.98886417672315,2087152,DUMMY
2023-11-07 03:49:12.619630,147.87787867583475,5382380,DUMMY
2023-11-08 03:49:12.619630,146.81076949207025,3005665,DUMMY
2023-11-09 03:49:12.619630,146.43103173258066,9314371,DUMMY
2023-11-10 03:49:12.619630,144.55470282271284,2579783,DUMMY
2023-11-13 03:49:12.619630,146.3339020845992,2802318,DUMMY
2023-11-14 03:49:12.619630,144.96507286470617,3353686,DUMMY
2023-11-15 03:49:12.619630,145.08584071111127,9160826,DUMMY
2023-11-16 03:49:12.619630,146.93551365132294,9936340,DUMMY
2023-11-17 03:49:12.619630,148.66419088803053,4611178,DUMMY
2023-11-20 03:49:12.619630,147.8816082493777,8842246,DUMMY
2023-11-21 03:49:12.619630,147.24847479222126,2588471,DUMMY
2023-11-22 03:49:12.619630,148.14875545943204,4209569,DUMMY
2023-11-23 03:49:12.619630,148.8151832695687,1925682,DUMMY
2023-11-24 03:49:12.619630,150.67345977794548,2384441,DUMMY
2023-11-27 03:49:12.619630,151.90522807193787,9487405,DUMMY
2023-11-28 03:49:12.619630,151.28820879606218,7394077,DUMMY
2023-11-29 03:49:12.619630,151.00406180787778,3774783,DUMMY
2023-11-30 03:49:12.619630,151.78165460834515,5922107,DUMMY
2023-12-01 03:49:12.619630,150.5339163413831,2756112,DUMMY
2023-12-04 03:49:12.619630,150.16190267633868,5769179,DUMMY
2023-12-05 03:49:12.619630,151.44697224578982,1084854,DUMMY
2023-12-06 03:49:12.619630,152.72575552563887,3759068,DUMMY
2023-12-07 03:49:12.619630,153.66697872524895,3179446,DUMMY
2023-12-08 03:49:12.619630,155.24803349008855,6902720,DUMMY
2023-12-11 03:49:12.619630,156.06417555306766,4581448,DUMMY
2023-12-12 03:49:12.619630,155.7092748872935,9246176,DUMMY
2023-12-13 03:49:12.619630,155.8436719395027,1472745,DUMMY
2023-12-14 03:49:12.619630,155.5656475129649,3595420,DUMMY
2023-12-15 03:49:12.619630,154.9377120243461,4910761,DUMMY
2023-12-18 03:49:12.619630,154.89919788570617,4641214,DUMMY
2023-12-19 03:49:12.619630,152.92889112452906,5753284,DUMMY
2023-12-20 03:49:12.619630,152.09558790956962,3443778,DUMMY
2023-12-21 03:49:12.619630,152.4562902420017,3303816,DUMMY
2023-12-22 03:49:12.619630,153.36888521615742,4458801,DUMMY
2023-12-25 03:49:12.619630,151.89418719987907,7507952,DUMMY
2023-12-26 03:49:12.619630,152.09078742819662,6994870,DUMMY
2023-12-27 03:49:12.619630,151.14167355313708,5844713,DUMMY
2023-12-28 03:49:12.619630,152.00931831451638,7816192,DUMMY
2023-12-29 03:49:12.619630,151.42851617751097,6192875,DUMMY
2024-01-01 03:49:12.619630,150.58871151181256,5990456,DUMMY
2024-01-02 03:49:12.619630,149.86515281116857,5270855,DUMMY
2024-01-03 03:49:12.619630,148.3970253202142,2303870,DUMMY
2024-01-04 03:49:12.619630,149.0607533026963,8204551,DUMMY
2024-01-05 03:49:12.619630,149.95650672620027,6451485,DUMMY
2024-01-08 03:49:12.619630,149.8891354747454,3350638,DUMMY
2024-01-09 03:49:12.619630,150.22091182221288,1763941,DUMMY
2024-01-10 03:49:12.619630,149.20116274690136,6648628,DUMMY
2024-01-11 03:49:12.619630,150.56448140457772,7167847,DUMMY
2024-01-12 03:49:12.619630,149.7407810768019,2461541,DUMMY
2024-01-15 03:49:12.619630,150.56784174420406,1467147,DUMMY
2024-01-16 03:49:12.619630,151.61391804223297,6907627,DUMMY
2024-01-17 03:49:12.619630,152.06000180337574,6248190,DUMMY
2024-01-18 03:49:12.619630,150.2299146093255,8672136,DUMMY
2024-01-19 03:49:12.619630,150.64993110747125,2730375,DUMMY
2024-01-22 03:49:12.619630,152.13454671951544,4765837,DUMMY
2024-01-23 03:49:12.619630,152.84824105406238,4283162,DUMMY
2024-01-24 03:49:12.619630,154.16233899951726,3249162,DUMMY
2024-01-25 03:49:12.619630,153.61971032829058,1629052,DUMMY
2024-01-26 03:49:12.619630,153.38323547020295,3253182,DUMMY
2024-01-29 03:49:12.619630,153.58219925085416,9661560,DUMMY
2024-01-30 03:49:12.619630,152.7371013323012,6839568,DUMMY
2024-01-31 03:49:12.619630,154.18535255410814,6165296,DUMMY
2024-02-01 03:49:12.619630,156.06882109872657,4253797,DUMMY
2024-02-02 03:49:12.619630,155.5167292772699,5138110,DUMMY
2024-02-05 03:49:12.619630,158.0151642612454,7216312,DUMMY
2024-02-06 03:49:12.619630,156.12790783120403,2048517,DUMMY
2024-02-07 03:49:12.619630,153.8942508418532,8295728,DUMMY
2024-02-08 03:49:12.619630,154.72027443669725,5147986,DUMMY
2024-02-09 03:49:12.619630,153.28557661875698,8831663,DUMMY
2024-02-12 03:49:12.619630,152.62357968826734,3684431,DUMMY
2024-02-13 03:49:12.619630,151.31741791283466,2685674,DUMMY
2024-02-14 03:49:12.619630,151.06459334083718,2881647,DUMMY
2024-02-15 03:49:12.619630,152.08645737297195,7903553,DUMMY
2024-02-16 03:49:12.619630,151.77603598152788,1541260,DUMMY
2024-02-19 03:49:12.619630,151.88998010204614,7853117,DUMMY
2024-02-20 03:49:12.619630,153.42864968391132,8799853,DUMMY
2024-02-21 03:49:12.619630,153.01124379343753,1838737,DUMMY
2024-02-22 03:49:12.619630,154.16080429660002,9936945,DUMMY
2024-02-23 03:49:12.619630,153.3010992552048,2429727,DUMMY
2024-02-26 03:49:12.619630,154.49387858636942,9277696,DUMMY
2024-02-27 03:49:12.619630,154.72213327461145,3143271,DUMMY
2024-02-28 03:49:12.619630,154.72044529380696,2618811,DUMMY
2024-02-29 03:49:12.619630,154.42980940538618,4887562,DUMMY
2024-03-01 03:49:12.619630,156.16957940759136,1971368,DUMMY
2024-03-04 03:49:12.619630,156.09773530905593,9575943,DUMMY
2024-03-05 03:49:12.619630,156.20587964869497,6458654,DUMMY
2024-03-06 03:49:12.619630,154.80220895696533,8168162,DUMMY
2024-03-07 03:49:12.619630,155.64692960058477,8134229,DUMMY
2024-03-08 03:49:12.619630,155.86429035768668,3401749,DUMMY
2024-03-11 03:49:12.619630,156.01393743487685,8738444,DUMMY
2024-03-12 03:49:12.619630,155.84406961452893,5488617,DUMMY
2024-03-13 03:49:12.619630,156.57725382521403,3606488,DUMMY
2024-03-14 03:49:12.619630,155.7771035961679,2087415,DUMMY
2024-03-15 03:49:12.619630,154.38422571594782,1406797,DUMMY
2024-03-18 03:49:12.619630,154.57821649509316,6311530,DUMMY
2024-03-19 03:49:12.619630,154.21391591751208,9063324,DUMMY
2024-03-20 03:49:12.619630,155.55553320761857,4146829,DUMMY
2024-03-21 03:49:12.619630,157.4448847342299,3285500,DUMMY
2024-03-22 03:49:12.619630,158.55014793965807,5026691,DUMMY
2024-03-25 03:49:12.619630,158.2971937921913,1286559,DUMMY
2024-03-26 03:49:12.619630,158.7298721207287,1134383,DUMMY
2024-03-27 03:49:12.619630,158.0363969161035,8589780,DUMMY
2024-03-28 03:49:12.619630,159.14410819235724,9611304,DUMMY
2024-03-29 03:49:12.619630,159.32448538119698,7897048,DUMMY
2024-04-01 03:49:12.619630,158.44300603452643,6315446,DUMMY
2024-04-02 03:49:12.619630,159.71363624700814,1107757,DUMMY
2024-04-03 03:49:12.619630,161.5141518614733,4528846,DUMMY
2024-04-04 03:49:12.619630,159.70248804478044,8826082,DUMMY
2024-04-05 03:49:12.619630,158.4858585021331,2030044,DUMMY
2024-04-08 03:49:12.619630,157.9668379629867,6280246,DUMMY
2024-04-09 03:49:12.619630,157.32760963884894,5561061,DUMMY
2024-04-10 03:49:12.619630,158.22406786370635,3197125,DUMMY
2024-04-11 03:49:12.619630,157.34433888369597,8136847,DUMMY
2024-04-12 03:49:12.619630,157.56782385142972,7238991,DUMMY
2024-04-15 03:49:12.619630,157.87568103657514,3773408,DUMMY
2024-04-16 03:49:12.619630,157.72367077745395,5908295,DUMMY
2024-04-17 03:49:12.619630,158.36035417089101,7608224,DUMMY
2024-04-18 03:49:12.619630,158.75245453143347,7139456,DUMMY
2024-04-19 03:49:12.619630,158.31187059967476,7665539,DUMMY
2024-04-22 03:49:12.619630,158.3403223715942,8925762,DUMMY
2024-04-23 03:49:12.619630,158.6496320525605,6363871,DUMMY
2024-04-24 03:49:12.619630,159.66393586796664,8768799,DUMMY
2024-04-25 03:49:12.619630,159.39993439876028,1061411,DUMMY
2024-04-26 03:49:12.619630,159.88386089238455,3405711,DUMMY
2024-04-29 03:49:12.619630,159.0244239643999,9466498,DUMMY
2024-04-30 03:49:12.619630,156.96150197180543,9605675,DUMMY
2024-05-01 03:49:12.619630,155.72787923789303,7928549,DUMMY
2024-05-02 03:49:12.619630,155.73737026474777,7565153,DUMMY
2024-05-03 03:49:12.619630,156.84307083028708,5304938,DUMMY
2024-05-06 03:49:12.619630,157.6529457595766,1814295,DUMMY
2024-05-07 03:49:12.619630,160.0006268258712,5563405,DUMMY
2024-05-08 03:49:12.619630,160.84609400227603,6822996,DUMMY
2024-05-09 03:49:12.619630,161.37907264028559,6673615,DUMMY
2024-05-10 03:49:12.619630,160.132239408753,6329060,DUMMY
2024-05-13 03:49:12.619630,159.75188734774355,1746391,DUMMY
2024-05-14 03:49:12.619630,161.35863083392957,9856589,DUMMY
2024-05-15 03:49:12.619630,160.74835646475478,4637763,DUMMY
2024-05-16 03:49:12.619630,160.15051189276568,5547736,DUMMY
2024-05-17 03:49:12.619630,160.999956722196,2672152,DUMMY
2024-05-20 03:49:12.619630,162.54749928419324,2051075,DUMMY
2024-05-21 03:49:12.619630,164.85330293655767,4884881,DUMMY
2024-05-22 03:49:12.619630,165.3975038954805,4101602,DUMMY
2024-05-23 03:49:12.619630,165.92442122080746,3458563,DUMMY
2024-05-24 03:49:12.619630,166.01650110964454,8760733,DUMMY
2024-05-27 03:49:12.619630,164.71407613150888,2064973,DUMMY
2024-05-28 03:49:12.619630,165.00604571375362,1122105,DUMMY
2024-05-29 03:49:12.619630,164.17005509094557,5697345,DUMMY
2024-05-30 03:49:12.619630,163.16173373704075,3614119,DUMMY
2024-05-31 03:49:12.619630,164.68635563053482,5983977,DUMMY
2024-06-03 03:49:12.619630,164.1106231702613,7736103,DUMMY
2024-06-04 03:49:12.619630,164.3937320605507,2270143,DUMMY
2024-06-05 03:49:12.619630,165.54568611165962,2273678,DUMMY
2024-06-06 03:49:12.619630,165.40471702180605,1942739,DUMMY
2024-06-07 03:49:12.619630,165.01306543643904,8223769,DUMMY
2024-06-10 03:49:12.619630,165.79493917170063,7098756,DUMMY
2024-06-11 03:49:12.619630,164.84112657105652,2071676,DUMMY
2024-06-12 03:49:12.619630,164.6551572674657,1005327,DUMMY
2024-06-13 03:49:12.619630,167.33645697819892,6594081,DUMMY
2024-06-14 03:49:12.619630,166.55511201697044,8149605,DUMMY
2024-06-17 03:49:12.619630,166.65432530786757,4438648,DUMMY
2024-06-18 03:49:12.619630,165.76947772144928,4263055,DUMMY
2024-06-19 03:49:12.619630,164.81003494212825,3808842,DUMMY
2024-06-20 03:49:12.619630,166.2935431125374,2514545,DUMMY
2024-06-21 03:49:12.619630,166.95262602715746,1909625,DUMMY
2024-06-24 03:49:12.619630,167.09634505220612,6932515,DUMMY
2024-06-25 03:49:12.619630,165.2719614859112,8167965,DUMMY
2024-06-26 03:49:12.619630,164.81589337283134,3126180,DUMMY
2024-06-27 03:49:12.619630,165.29744357797406,6423357,DUMMY
2024-06-28 03:49:12.619630,165.15045058375574,5430396,DUMMY
2024-07-01 03:49:12.619630,164.84110317416884,4025190,DUMMY
2024-07-02 03:49:12.619630,164.98886480567631,9598002,DUMMY
2024-07-03 03:49:12.619630,166.02221111399572,8403212,DUMMY
2024-07-04 03:49:12.619630,164.3171257625189,1337329,DUMMY
2024-07-05 03:49:12.619630,165.63826125943035,2463093,DUMMY
2024-07-08 03:49:12.619630,167.43215759447543,3639137,DUMMY
2024-07-09 03:49:12.619630,167.66053013725605,9320981,DUMMY
2024-07-10 03:49:12.619630,167.65999512300525,6962956,DUMMY
2024-07-11 03:49:12.619630,168.78359260241177,7838967,DUMMY
2024-07-12 03:49:12.619630,167.74151003068846,5312594,DUMMY
2024-07-15 03:49:12.619630,167.67780422544513,4458468,DUMMY
2024-07-16 03:49:12.619630,168.30556396142794,1197132,DUMMY
2024-07-17 03:49:12.619630,167.871909786228,1515477,DUMMY
2024-07-18 03:49:12.619630,167.58351398517578,6854724,DUMMY
2024-07-19 03:49:12.619630,167.90618076481957,6675429,DUMMY
2024-07-22 03:49:12.619630,169.34228250749308,9518936,DUMMY
2024-07-23 03:49:12.619630,169.77346003718637,9620947,DUMMY
2024-07-24 03:49:12.619630,170.30602524226026,3603449,DUMMY
2024-07-25 03:49:12.619630,170.55998885299942,3229425,DUMMY
2024-07-26 03:49:12.619630,169.8694945442026,4706441,DUMMY
2024-07-29 03:49:12.619630,171.3239017335601,7083231,DUMMY
2024-07-30 03:49:12.619630,171.90090473087025,7364654,DUMMY
2024-07-31 03:49:12.619630,171.83829677934494,7201209,DUMMY
2024-08-01 03:49:12.619630,171.8184444298127,4135912,DUMMY
2024-08-02 03:49:12.619630,171.24077998519397,8330037,DUMMY
2024-08-05 03:49:12.619630,170.27727949796244,1514396,DUMMY
2024-08-06 03:49:12.619630,169.2831884180224,5608614,DUMMY
2024-08-07 03:49:12.619630,169.2363469787461,3834870,DUMMY
2024-08-08 03:49:12.619630,169.85196094456978,1631456,DUMMY
2024-08-09 03:49:12.619630,168.72707747812623,6446282,DUMMY
2024-08-12 03:49:12.619630,168.8334624548444,1037470,DUMMY
2024-08-13 03:49:12.619630,167.98800694337265,3952759,DUMMY
2024-08-14 03:49:12.619630,168.56671800261432,4317361,DUMMY
2024-08-15 03:49:12.619630,168.26652041328526,4800082,DUMMY
2024-08-16 03:49:12.619630,167.67375843683516,3291383,DUMMY
2024-08-19 03:49:12.619630,166.326058910275,2415747,DUMMY
2024-08-20 03:49:12.619630,167.85246537242483,8307321,DUMMY
2024-08-21 03:49:12.619630,167.8464731493117,5559515,DUMMY
2024-08-22 03:49:12.619630,168.44488559757363,3561763,DUMMY
2024-08-23 03:49:12.619630,169.76175918305032,9104798,DUMMY
2024-08-26 03:49:12.619630,171.88063004842368,6660736,DUMMY
2024-08-27 03:49:12.619630,173.27493935443263,8974962,DUMMY
2024-08-28 03:49:12.619630,172.86105068059996,4982932,DUMMY
2024-08-29 03:49:12.619630,173.6825941480293,9023508,DUMMY
2024-08-30 03:49:12.619630,173.30481608057218,1971821,DUMMY
2024-09-02 03:49:12.619630,174.18161253395934,7810960,DUMMY
2024-09-03 03:49:12.619630,173.71538681139256,4529212,DUMMY
2024-09-04 03:49:12.619630,174.32621373546252,5353561,DUMMY
2024-09-05 03:49:12.619630,173.966543993404,2255322,DUMMY
2024-09-06 03:49:12.619630,172.74128834169957,6855175,DUMMY
2024-09-09 03:49:12.619630,171.79883463346982,8513688,DUMMY
2024-09-10 03:49:12.619630,171.70005173688827,7874114,DUMMY
2024-09-11 03:49:12.619630,170.40207063278734,9669253,DUMMY
2024-09-12 03:49:12.619630,170.6080327887624,7870867,DUMMY
2024-09-13 03:49:12.619630,172.45270570709795,9848156,DUMMY
2024-09-16 03:49:12.619630,171.0427588685194,6047626,DUMMY
2024-09-17 03:49:12.619630,169.77006906131322,5158128,DUMMY
2024-09-18 03:49:12.619630,171.05477289113526,2968225,DUMMY
2024-09-19 03:49:12.619630,170.26604124820915,4345944,DUMMY
2024-09-20 03:49:12.619630,169.27199807165982,4676270,DUMMY
2024-09-23 03:49:12.619630,168.56813679065584,7166278,DUMMY
2024-09-24 03:49:12.619630,168.43829763382945,7572693,DUMMY
2024-09-25 03:49:12.619630,169.24774577645294,4784955,DUMMY
2024-09-26 03:49:12.619630,169.77909855377095,1541422,DUMMY
2024-09-27 03:49:12.619630,169.85132920771034,5669623,DUMMY
2024-09-30 03:49:12.619630,171.01078196676727,2877763,DUMMY
2024-10-01 03:49:12.619630,171.9075565216413,7478251,DUMMY
2024-10-02 03:49:12.619630,172.41797692780023,4946287,DUMMY
2024-10-03 03:49:12.619630,171.8651534825621,9547194,DUMMY
2024-10-04 03:49:12.619630,170.90050507318608,6614401,DUMMY
2024-10-07 03:49:12.619630,172.14745370359415,4480738,DUMMY
2024-10-08 03:49:12.619630,174.97340905274515,3511612,DUMMY
2024-10-09 03:49:12.619630,175.79909026144003,3970129,DUMMY
2024-10-10 03:49:12.619630,175.97462501363069,9110866,DUMMY
2024-10-11 03:49:12.619630,177.04972226633748,1737736,DUMMY
2024-10-14 03:49:12.619630,177.55438834019822,4889040,DUMMY
2024-10-15 03:49:12.619630,177.48535389603595,1062723,DUMMY
2024-10-16 03:49:12.619630,178.50428848332734,3035457,DUMMY
2024-10-17 03:49:12.619630,179.0622759462893,9834960,DUMMY
2024-10-18 03:49:12.619630,180.56092013917657,5611166,DUMMY
2024-10-21 03:49:12.619630,182.39301032861644,4939150,DUMMY
2024-10-22 03:49:12.619630,183.5174034322077,7789273,DUMMY
2024-10-23 03:49:12.619630,183.8985186210881,3959108,DUMMY
2024-10-24 03:49:12.619630,184.59585951160224,2956516,DUMMY
2024-10-25 03:49:12.619630,185.2861970502974,4037642,DUMMY
2024-10-28 03:49:12.619630,184.14816821772217,9854122,DUMMY
2024-10-29 03:49:12.619630,185.71676703247996,8494971,DUMMY
2024-10-30 03:49:12.619630,185.3183979073297,2938635,DUMMY
2024-10-31 03:49:12.619630,186.19636281048167,1467943,DUMMY
2024-11-01 03:49:12.619630,185.3074926268929,3290929,DUMMY
2024-11-04 03:49:12.619630,186.15057622799512,6714170,DUMMY
2024-11-05 03:49:12.619630,185.4901451949637,7203527,DUMMY
2024-11-06 03:49:12.619630,184.85529080251644,1274422,DUMMY
2024-11-07 03:49:12.619630,185.4649766745606,4146153,DUMMY
2024-11-08 03:49:12.619630,185.4904827809794,5307412,DUMMY
2024-11-11 03:49:12.619630,186.92908529317606,5065509,DUMMY
2024-11-12 03:49:12.619630,187.18529247665765,3755803,DUMMY
2024-11-13 03:49:12.619630,189.04729666212404,4135884,DUMMY
2024-11-14 03:49:12.619630,188.48964741735682,3430780,DUMMY
2024-11-15 03:49:12.619630,188.81455280415972,1005567,DUMMY
2024-11-18 03:49:12.619630,189.64626753690231,1720904,DUMMY
2024-11-19 03:49:12.619630,189.21726594561724,4825288,DUMMY
2024-11-20 03:49:12.619630,190.82094566697518,8287479,DUMMY
2024-11-21 03:49:12.619630,192.44306680972898,2049856,DUMMY
2024-11-22 03:49:12.619630,193.68900862688983,8219343,DUMMY
2024-11-25 03:49:12.619630,193.1999315539363,2485365,DUMMY
2024-11-26 03:49:12.619630,191.90396762392191,9071805,DUMMY
2024-11-27 03:49:12.619630,191.25878681536759,4849268,DUMMY
2024-11-28 03:49:12.619630,191.48158247164332,1777266,DUMMY
2024-11-29 03:49:12.619630,192.21010316099273,7376240,DUMMY
2024-12-02 03:49:12.619630,191.6095445414625,5085906,DUMMY
2024-12-03 03:49:12.619630,192.28045749428347,5950421,DUMMY
2024-12-04 03:49:12.619630,193.196390137671,4435559,DUMMY
2024-12-05 03:49:12.619630,192.6543263678438,5739929,DUMMY
2024-12-06 03:49:12.619630,192.28913715546742,6507148,DUMMY
2024-12-09 03:49:12.619630,192.4644843890145,7237837,DUMMY
2024-12-10 03:49:12.619630,192.57635534313417,2796255,DUMMY
2024-12-11 03:49:12.619630,193.85569152207057,3652432,DUMMY
2024-12-12 03:49:12.619630,194.45105451257902,1716312,DUMMY
2024-12-13 03:49:12.619630,195.52429332848834,4367341,DUMMY
2024-12-16 03:49:12.619630,195.9266280637645,4835778,DUMMY
2024-12-17 03:49:12.619630,195.54249775096974,9034461,DUMMY
2024-12-18 03:49:12.619630,195.75050352015046,2597636,DUMMY
2024-12-19 03:49:12.619630,195.19256485130342,1789272,DUMMY
2024-12-20 03:49:12.619630,195.79540008014436,7311938,DUMMY
2024-12-23 03:49:12.619630,195.38956827162372,4318592,DUMMY
2024-12-24 03:49:12.619630,196.51699929477468,4410430,DUMMY
2024-12-25 03:49:12.619630,196.58291432849524,1978969,DUMMY
2024-12-26 03:49:12.619630,194.95829028595654,5870118,DUMMY
2024-12-27 03:49:12.619630,194.26727841767246,6016093,DUMMY
2024-12-30 03:49:12.619630,195.90096706056687,3967135,DUMMY
2024-12-31 03:49:12.619630,196.0473806012465,9826980,DUMMY
2025-01-01 03:49:12.619630,196.89320708311072,6028686,DUMMY
2025-01-02 03:49:12.619630,196.90502379741926,2339294,DUMMY
2025-01-03 03:49:12.619630,197.07251297517757,5631042,DUMMY
2025-01-06 03:49:12.619630,198.4458800620424,1069471,DUMMY
2025-01-07 03:49:12.619630,198.40273157801022,7754675,DUMMY
2025-01-08 03:49:12.619630,196.75038218165025,5090607,DUMMY
2025-01-09 03:49:12.619630,196.66718575161624,2430958,DUMMY
2025-01-10 03:49:12.619630,198.10630123436732,9996878,DUMMY
2025-01-13 03:49:12.619630,198.19979604715883,6137613,DUMMY
2025-01-14 03:49:12.619630,197.93752091470117,7881037,DUMMY
2025-01-15 03:49:12.619630,198.0573859123947,2202191,DUMMY
2025-01-16 03:49:12.619630,198.52856113133612,2082326,DUMMY
2025-01-17 03:49:12.619630,200.31745688434938,3494935,DUMMY
2025-01-20 03:49:12.619630,200.31370831264286,6893229,DUMMY
2025-01-21 03:49:12.619630,200.26262649753147,6771519,DUMMY
2025-01-22 03:49:12.619630,199.90283393596948,9837634,DUMMY
2025-01-23 03:49:12.619630,199.38200721198962,8786421,DUMMY
2025-01-24 03:49:12.619630,200.67171219297842,3190071,DUMMY
2025-01-27 03:49:12.619630,200.7364560837833,4607626,DUMMY
2025-01-28 03:49:12.619630,202.4993014376389,6782892,DUMMY
2025-01-29 03:49:12.619630,203.802290589846,8004930,DUMMY
2025-01-30 03:49:12.619630,204.91227789392434,1633908,DUMMY
2025-01-31 03:49:12.619630,203.0352113956955,4119420,DUMMY
2025-02-03 03:49:12.619630,203.21021888885963,8200344,DUMMY
2025-02-04 03:49:12.619630,202.0280705118725,1792867,DUMMY
2025-02-05 03:49:12.619630,201.31379241928573,6136831,DUMMY
2025-02-06 03:49:12.619630,200.1348690227714,1261054,DUMMY
2025-02-07 03:49:12.619630,201.9977878343285,2005005,DUMMY
2025-02-10 03:49:12.619630,201.40977418992617,2556509,DUMMY
2025-02-11 03:49:12.619630,203.08486729438005,2237746,DUMMY
2025-02-12 03:49:12.619630,202.89069017240647,8196209,DUMMY
2025-02-13 03:49:12.619630,202.80765762374705,3667368,DUMMY
2025-02-14 03:49:12.619630,201.86333092893767,6300862,DUMMY
2025-02-17 03:49:12.619630,202.07548110710545,7328243,DUMMY
2025-02-18 03:49:12.619630,202.20020382178865,9075551,DUMMY
2025-02-19 03:49:12.619630,203.42948121805816,3214934,DUMMY
2025-02-20 03:49:12.619630,202.6422269242783,4266595,DUMMY
2025-02-21 03:49:12.619630,204.24804732233687,1908073,DUMMY
2025-02-24 03:49:12.619630,204.08292993450266,1776264,DUMMY
2025-02-25 03:49:12.619630,202.42733167104967,7380456,DUMMY
2025-02-26 03:49:12.619630,201.66746288583042,4354182,DUMMY
2025-02-27 03:49:12.619630,200.0105313503347,1915314,DUMMY
2025-02-28 03:49:12.619630,198.3322124737307,2576937,DUMMY
2025-03-03 03:49:12.619630,197.41567108143317,4541254,DUMMY
2025-03-04 03:49:12.619630,195.76271658355108,9147846,DUMMY
2025-03-05 03:49:12.619630,195.6225510054242,3476358,DUMMY
2025-03-06 03:49:12.619630,195.2859695572024,8794212,DUMMY
2025-03-07 03:49:12.619630,194.53690404855985,6542716,DUMMY
2025-03-10 03:49:12.619630,195.79508900283872,5423514,DUMMY
2025-03-11 03:49:12.619630,194.8182689561112,2343161,DUMMY
2025-03-12 03:49:12.619630,197.4986878309424,7785755,DUMMY
2025-03-13 03:49:12.619630,197.31963827580887,1931171,DUMMY
2025-03-14 03:49:12.619630,199.26264490638357,9183945,DUMMY
2025-03-17 03:49:12.619630,198.72615499799704,2706520,DUMMY
2025-03-18 03:49:12.619630,197.4521116027165,2940764,DUMMY
2025-03-19 03:49:12.619630,198.98885866405726,4646681,DUMMY
2025-03-20 03:49:12.619630,199.84263473745474,9625904,DUMMY
2025-03-21 03:49:12.619630,201.30626894154955,6339217,DUMMY
2025-03-24 03:49:12.619630,202.61684813521015,3514026,DUMMY
2025-03-25 03:49:12.619630,203.0860320737467,2193110,DUMMY
